Date,Open,High,Low,Close,Adj Close,Volume
2019-04-01,297.0,299.20001220703125,296.54998779296875,297.25,247.8744354248047,6203276
2019-04-02,297.3999938964844,300.0,294.6499938964844,297.8999938964844,248.41647338867188,9849417
2019-04-03,298.0,299.0,295.1499938964844,296.1499938964844,246.95716857910156,9064767
2019-04-04,296.0,297.29998779296875,293.75,294.79998779296875,245.8313751220703,6965053
2019-04-05,295.04998779296875,296.3999938964844,292.6499938964844,294.54998779296875,245.62289428710938,7806991
2019-04-08,294.6499938964844,295.0,291.70001220703125,292.75,244.1219024658203,5288853
2019-04-09,292.5,296.70001220703125,292.25,296.29998779296875,247.08221435546875,6175672
2019-04-10,296.04998779296875,296.54998779296875,293.5,294.70001220703125,245.7480010986328,5334642
2019-04-11,294.54998779296875,297.45001220703125,293.0,296.3999938964844,247.1655731201172,10764968
2019-04-12,296.6499938964844,307.3999938964844,295.6000061035156,305.75,254.9625244140625,21818291
2019-04-15,307.8999938964844,310.0,304.3500061035156,305.5,254.7540283203125,12612414
2019-04-16,306.79998779296875,309.95001220703125,306.1499938964844,307.20001220703125,256.171630859375,9746168
2019-04-18,308.25,308.25,303.54998779296875,304.3999938964844,253.83676147460938,8838122
2019-04-22,303.8500061035156,305.5,301.04998779296875,301.79998779296875,251.66860961914062,6672456
2019-04-23,302.1499938964844,304.79998779296875,301.54998779296875,303.3999938964844,253.00283813476562,7496038
2019-04-24,303.3999938964844,307.20001220703125,298.5,306.45001220703125,255.54624938964844,11447878
2019-04-25,307.25,309.79998779296875,302.0,304.1499938964844,253.62828063964844,23240675
2019-04-26,304.6000061035156,306.3999938964844,302.54998779296875,304.54998779296875,253.96182250976562,4654775
2019-04-30,304.54998779296875,307.54998779296875,299.5,301.3500061035156,251.29335021972656,11163210
2019-05-02,301.1000061035156,306.5,300.6000061035156,305.0,254.3370819091797,7493271
2019-05-03,304.25,307.45001220703125,303.29998779296875,304.25,253.71165466308594,5885895
2019-05-06,304.0,307.5,300.75,307.0,256.0048828125,6737627
2019-05-07,308.25,309.5,300.8500061035156,301.8999938964844,251.7520294189453,8655871
2019-05-08,300.0,303.3999938964844,298.6499938964844,300.6499938964844,250.70965576171875,7876031
2019-05-09,299.3999938964844,301.29998779296875,296.3500061035156,299.8500061035156,250.04257202148438,10223616
2019-05-10,300.0,300.45001220703125,296.8999938964844,297.75,248.29136657714844,6904657
2019-05-13,295.1000061035156,303.5,287.70001220703125,289.29998779296875,241.2449493408203,35880558
2019-05-14,291.0,298.25,288.8500061035156,294.3500061035156,245.45611572265625,21145245
2019-05-15,297.54998779296875,299.29998779296875,292.0,297.04998779296875,247.70762634277344,17894032
2019-05-16,297.0,297.0,293.25,294.75,245.7896728515625,7354375
2019-05-17,295.1000061035156,302.3500061035156,295.1000061035156,301.3999938964844,251.33505249023438,11194900
2019-05-20,306.8500061035156,307.54998779296875,302.1000061035156,307.0,256.0048828125,11013451
2019-05-21,307.0,310.0,305.29998779296875,305.8999938964844,255.08753967285156,10518883
2019-05-22,302.1499938964844,302.79998779296875,296.79998779296875,299.75,254.74758911132812,13737694
2019-05-23,305.0,305.6000061035156,287.0,288.20001220703125,244.93167114257812,31380501
2019-05-24,291.5,291.6499938964844,287.29998779296875,290.45001220703125,246.8438720703125,10879657
2019-05-27,291.25,293.54998779296875,289.04998779296875,290.8500061035156,247.18380737304688,9024193
2019-05-28,291.79998779296875,292.0,288.1000061035156,288.8999938964844,245.5265655517578,15598601
2019-05-29,288.79998779296875,291.70001220703125,287.6000061035156,288.1000061035156,244.8466796875,7255516
2019-05-30,289.0,291.04998779296875,288.29998779296875,288.6499938964844,245.31405639648438,8656311
2019-05-31,289.3500061035156,291.5,277.45001220703125,278.54998779296875,236.73043823242188,26281811
2019-06-03,281.3999938964844,281.5,275.29998779296875,278.54998779296875,236.73043823242188,19569620
2019-06-04,279.25,282.1499938964844,278.79998779296875,279.25,237.3253631591797,13850737
2019-06-06,280.3999938964844,280.3999938964844,275.29998779296875,275.75,234.35079956054688,10660963
2019-06-07,276.79998779296875,276.79998779296875,274.20001220703125,275.25,233.92588806152344,7699206
2019-06-10,278.29998779296875,280.54998779296875,276.8999938964844,279.3999938964844,237.4528350830078,8615348
2019-06-11,280.8999938964844,281.3999938964844,279.20001220703125,279.8500061035156,237.83526611328125,8461371
2019-06-12,281.3999938964844,281.3999938964844,278.25,279.95001220703125,237.92027282714844,8247867
2019-06-13,278.8999938964844,281.3500061035156,278.54998779296875,280.6000061035156,238.4727020263672,7198584
2019-06-14,280.5,280.5,277.1499938964844,278.04998779296875,236.3054962158203,7908039
2019-06-17,278.8500061035156,278.8500061035156,274.45001220703125,275.0,233.71340942382812,10013278
2019-06-18,276.1499938964844,277.8500061035156,274.0,275.1000061035156,233.7984161376953,13845733
2019-06-19,275.70001220703125,278.8999938964844,275.6000061035156,277.20001220703125,235.5831298828125,9046515
2019-06-20,277.0,277.95001220703125,275.3500061035156,277.0,235.4131317138672,10566110
2019-06-21,276.6499938964844,276.6499938964844,273.25,274.25,233.07603454589844,18595809
2019-06-24,274.25,277.5,274.25,276.25,234.7757568359375,8935066
2019-06-25,275.04998779296875,280.0,274.25,278.5,236.68795776367188,12379897
2019-06-26,278.45001220703125,278.70001220703125,276.3500061035156,277.3999938964844,235.75308227539062,7421269
2019-06-27,277.95001220703125,278.20001220703125,272.79998779296875,273.5,232.4386444091797,23308215
2019-06-28,274.1000061035156,275.45001220703125,272.5,273.8500061035156,232.736083984375,8449727
2019-07-01,274.3999938964844,276.25,274.1499938964844,274.95001220703125,233.6709442138672,5042447
2019-07-02,275.3500061035156,275.6499938964844,273.20001220703125,273.8500061035156,232.736083984375,9976439
2019-07-03,274.29998779296875,277.54998779296875,272.1499938964844,276.70001220703125,235.15818786621094,18120809
2019-07-04,277.45001220703125,278.25,275.20001220703125,277.6499938964844,235.96554565429688,9697597
2019-07-05,277.6499938964844,281.8500061035156,268.0,279.45001220703125,237.49534606933594,37047327
2019-07-08,280.1499938964844,282.8999938964844,275.79998779296875,277.45001220703125,235.79559326171875,12169249
2019-07-09,276.95001220703125,277.54998779296875,272.1499938964844,273.1000061035156,232.09869384765625,7706490
2019-07-10,273.54998779296875,275.25,270.75,273.1499938964844,232.1411590576172,8162744
2019-07-11,274.0,276.8999938964844,273.6000061035156,275.6499938964844,234.2658233642578,8403695
2019-07-12,275.3999938964844,276.45001220703125,273.1000061035156,275.04998779296875,233.75588989257812,10468936
2019-07-15,275.0,275.6000061035156,270.54998779296875,270.95001220703125,230.27146911621094,8536705
2019-07-16,271.0,272.75,270.6000061035156,271.95001220703125,231.12132263183594,6357525
2019-07-17,272.45001220703125,273.1499938964844,270.70001220703125,272.8999938964844,231.9287109375,6294203
2019-07-18,272.95001220703125,275.1000061035156,272.29998779296875,273.0,232.0137176513672,9096757
2019-07-19,274.1000061035156,274.25,268.0,268.29998779296875,228.01931762695312,7986847
2019-07-22,268.0,268.20001220703125,264.0,264.3999938964844,224.70480346679688,13516960
2019-07-23,265.5,271.70001220703125,265.0,270.6499938964844,230.0164794921875,14396986
2019-07-24,270.29998779296875,273.3500061035156,267.8999938964844,270.8500061035156,230.18649291992188,12072603
2019-07-25,271.0,272.5,266.8999938964844,267.8500061035156,227.63687133789062,17669912
2019-07-26,268.75,271.0,266.8999938964844,270.3999938964844,229.80404663085938,4788040
2019-07-29,270.0,271.1499938964844,266.5,267.75,227.55189514160156,5525308
2019-07-30,268.0,270.1000061035156,266.54998779296875,268.8999938964844,228.52923583984375,13233351
2019-07-31,268.6000061035156,271.1000061035156,266.0,270.20001220703125,229.6340789794922,13649764
2019-08-01,270.45001220703125,270.70001220703125,266.5,267.54998779296875,227.3818817138672,5925611
2019-08-02,267.20001220703125,267.20001220703125,263.1000061035156,264.5,224.789794921875,8890911
2019-08-05,264.3999938964844,264.5,257.6499938964844,259.79998779296875,220.79544067382812,11556743
2019-08-06,258.75,261.5,258.1499938964844,258.8999938964844,220.03054809570312,9408544
2019-08-07,259.04998779296875,259.3500061035156,253.10000610351562,253.64999389648438,215.56875610351562,8489812
2019-08-08,255.0,258.70001220703125,253.0,257.75,219.05323791503906,6370866
2019-08-09,258.8500061035156,258.8500061035156,253.5,254.1999969482422,216.0361785888672,9927337
2019-08-13,253.8000030517578,254.0,244.0,246.3000030517578,209.322265625,20992894
2019-08-14,246.3000030517578,253.60000610351562,244.0500030517578,248.75,211.4044189453125,13809031
2019-08-16,248.75,253.39999389648438,247.39999389648438,253.0,215.016357421875,10337358
2019-08-19,253.5,257.29998779296875,250.9499969482422,251.5500030517578,213.78404235839844,12524627
2019-08-20,251.60000610351562,251.9499969482422,245.4499969482422,246.5,209.49221801757812,15000271
2019-08-21,246.6999969482422,246.89999389648438,240.85000610351562,241.4499969482422,205.20037841796875,14736226
2019-08-22,242.1999969482422,246.0,239.0,240.0500030517578,204.01058959960938,10513066
2019-08-23,239.0,239.4499969482422,234.64999389648438,236.10000610351562,200.6536102294922,16440329
2019-08-26,240.6999969482422,243.4499969482422,234.9499969482422,242.5,206.09274291992188,12857092
2019-08-27,243.9499969482422,246.3000030517578,242.6999969482422,245.5,208.64234924316406,14529777
2019-08-28,246.14999389648438,247.64999389648438,243.10000610351562,245.9499969482422,209.0247802734375,8894489
2019-08-29,243.9499969482422,245.4499969482422,240.14999389648438,241.1999969482422,204.98789978027344,11105245
2019-08-30,242.75,247.1999969482422,239.0500030517578,245.64999389648438,208.7698211669922,11772247
2019-09-03,244.4499969482422,244.4499969482422,240.64999389648438,241.5500030517578,205.2853546142578,9546229
2019-09-04,241.60000610351562,244.5500030517578,241.3000030517578,243.25,206.7301483154297,7032392
2019-09-05,242.0,246.89999389648438,242.0,244.25,207.58001708984375,8451611
2019-09-06,244.3000030517578,245.85000610351562,243.25,243.89999389648438,207.28256225585938,8704669
2019-09-09,244.64999389648438,246.5,243.1999969482422,245.5,208.64234924316406,9085228
2019-09-11,244.60000610351562,245.4499969482422,243.0,243.75,207.15509033203125,8968683
2019-09-12,244.3000030517578,245.0,240.0,240.75,204.60548400878906,8083759
2019-09-13,241.0,242.4499969482422,238.60000610351562,239.89999389648438,203.8831024169922,14031943
2019-09-16,239.5,240.85000610351562,238.3000030517578,239.39999389648438,203.45814514160156,7084644
2019-09-17,239.8000030517578,240.10000610351562,236.8000030517578,237.1999969482422,201.58843994140625,10672279
2019-09-18,237.6999969482422,242.3000030517578,234.0500030517578,239.25,203.3306884765625,19956339
2019-09-19,239.9499969482422,239.9499969482422,236.10000610351562,236.6999969482422,201.16351318359375,8483309
2019-09-20,237.0,248.5,234.3000030517578,238.0500030517578,202.3108367919922,63568127
2019-09-23,250.0,260.5,249.89999389648438,254.85000610351562,216.588623046875,52040316
2019-09-24,255.0,258.0,253.8000030517578,256.0,217.56594848632812,17167257
2019-09-25,255.10000610351562,256.25,242.6999969482422,247.5500030517578,210.3845672607422,20597095
2019-09-26,247.3000030517578,251.39999389648438,246.25,250.39999389648438,212.80670166015625,17847616
2019-09-27,250.0,258.0,250.0,252.9499969482422,214.97386169433594,17535666
2019-09-30,254.75,260.79998779296875,249.39999389648438,259.8500061035156,220.8379364013672,20588289
2019-10-01,259.1000061035156,262.45001220703125,255.0,255.89999389648438,217.48098754882812,15440899
2019-10-03,257.70001220703125,262.1499938964844,256.04998779296875,261.6499938964844,222.36770629882812,12356337
2019-10-04,263.0,263.8999938964844,255.1999969482422,257.25,218.62828063964844,18085064
2019-10-07,257.5,258.0,250.6999969482422,251.89999389648438,214.08148193359375,21263568
2019-10-09,251.3000030517578,252.1999969482422,246.3000030517578,247.10000610351562,210.00213623046875,21503869
2019-10-10,247.0,247.64999389648438,242.64999389648438,243.1999969482422,206.68763732910156,24294966
2019-10-11,243.1999969482422,246.1999969482422,241.10000610351562,243.9499969482422,207.32504272460938,25072193
2019-10-14,245.4499969482422,246.39999389648438,243.0,244.10000610351562,207.45252990722656,14713799
2019-10-15,245.0500030517578,249.1999969482422,245.0500030517578,247.60000610351562,210.4270782470703,9989191
2019-10-16,247.39999389648438,247.60000610351562,242.14999389648438,243.64999389648438,207.07008361816406,16063295
2019-10-17,244.0,246.6999969482422,243.85000610351562,245.85000610351562,208.93980407714844,13649598
2019-10-18,246.0,247.8000030517578,245.10000610351562,246.5,209.49221801757812,12833554
2019-10-22,245.0,251.10000610351562,244.9499969482422,248.89999389648438,211.53187561035156,18275636
2019-10-23,250.39999389648438,251.9499969482422,249.0500030517578,251.0500030517578,213.359130859375,12831461
2019-10-24,252.60000610351562,254.0,247.9499969482422,249.0500030517578,211.65936279296875,16791340
2019-10-25,256.8999938964844,257.20001220703125,247.0,247.6999969482422,210.5120391845703,32591192
2019-10-27,249.9499969482422,251.10000610351562,249.6999969482422,250.39999389648438,212.80670166015625,3131726
2019-10-29,250.9499969482422,255.10000610351562,249.5500030517578,253.25,215.2288055419922,11937562
2019-10-30,256.0,264.0,254.3000030517578,259.3999938964844,220.4554901123047,34291157
2019-10-31,260.0,262.8500061035156,256.20001220703125,257.6499938964844,218.9682159423828,16654994
2019-11-01,259.3500061035156,263.0,258.75,261.29998779296875,222.0702362060547,12571588
2019-11-04,262.95001220703125,264.95001220703125,260.04998779296875,260.75,221.60279846191406,7895272
2019-11-05,261.0,264.0,258.6000061035156,262.8999938964844,223.43002319335938,10278362
2019-11-06,262.95001220703125,263.79998779296875,260.0,261.3500061035156,222.11273193359375,8857419
2019-11-07,262.8999938964844,266.29998779296875,262.0,265.8500061035156,225.93714904785156,14782434
2019-11-08,264.8500061035156,265.45001220703125,260.0,260.5,221.39035034179688,11899353
2019-11-11,260.6000061035156,262.3500061035156,258.79998779296875,259.45001220703125,220.4980010986328,7245151
2019-11-13,258.8999938964844,259.25,253.14999389648438,253.85000610351562,215.73873901367188,10269356
2019-11-14,254.10000610351562,255.89999389648438,253.25,253.89999389648438,215.78121948242188,8880734
2019-11-15,254.25,255.75,250.0,250.64999389648438,213.0191650390625,16741465
2019-11-18,251.4499969482422,252.25,248.75,250.75,213.10415649414062,7864919
2019-11-19,251.75,251.8000030517578,248.8000030517578,249.3000030517578,211.87184143066406,12152981
2019-11-20,249.3000030517578,251.3000030517578,246.6999969482422,250.6999969482422,213.0616455078125,9978073
2019-11-21,251.39999389648438,251.39999389648438,245.0500030517578,245.6999969482422,208.8123321533203,10393219
2019-11-22,247.14999389648438,252.64999389648438,246.64999389648438,247.64999389648438,210.46954345703125,16370384
2019-11-25,247.75,248.39999389648438,246.25,247.75,210.55453491210938,10586688
2019-11-26,248.64999389648438,250.39999389648438,247.6999969482422,249.14999389648438,211.74435424804688,19778030
2019-11-27,249.75,250.0500030517578,246.60000610351562,246.9499969482422,209.87464904785156,8841620
2019-11-28,247.3000030517578,247.9499969482422,245.64999389648438,246.6999969482422,209.6621856689453,10992718
2019-11-29,246.75,247.39999389648438,245.0,246.39999389648438,209.4072265625,9807979
2019-12-02,246.0,246.89999389648438,244.5500030517578,244.9499969482422,208.1749267578125,9972664
2019-12-03,244.9499969482422,245.8000030517578,242.64999389648438,244.0500030517578,207.41004943847656,8129241
2019-12-04,243.5,244.0500030517578,242.0,243.14999389648438,206.64515686035156,11946661
2019-12-05,243.14999389648438,247.5,243.10000610351562,246.9499969482422,209.87464904785156,11265857
2019-12-06,247.0,247.14999389648438,242.5,243.35000610351562,206.8151397705078,10374270
2019-12-09,243.0,243.3000030517578,241.0,241.4499969482422,205.20037841796875,6722758
2019-12-10,241.60000610351562,241.6999969482422,235.0,235.60000610351562,200.22866821289062,15380232
2019-12-11,235.60000610351562,238.8000030517578,235.60000610351562,237.60000610351562,201.92840576171875,13799825
2019-12-12,238.0500030517578,240.1999969482422,237.60000610351562,238.5500030517578,202.73577880859375,10307052
2019-12-13,240.0,242.5,239.1999969482422,241.60000610351562,205.32785034179688,8205457
2019-12-16,243.0,243.39999389648438,236.35000610351562,236.89999389648438,201.33349609375,12014269
2019-12-17,237.5,241.6999969482422,237.5,241.0500030517578,204.86044311523438,15921196
2019-12-18,240.60000610351562,247.35000610351562,239.75,245.14999389648438,208.34487915039062,17134732
2019-12-19,246.0500030517578,247.89999389648438,243.25,244.35000610351562,207.66502380371094,9339714
2019-12-20,244.35000610351562,245.10000610351562,240.14999389648438,241.14999389648438,204.9454345703125,13958336
2019-12-23,242.0,242.8000030517578,238.64999389648438,238.89999389648438,203.03321838378906,19082124
2019-12-24,239.0,240.1999969482422,238.1999969482422,238.75,202.90576171875,7896150
2019-12-26,238.89999389648438,239.39999389648438,236.35000610351562,236.8000030517578,201.24850463867188,14460325
2019-12-27,237.5,238.4499969482422,236.4499969482422,236.89999389648438,201.33349609375,8712539
2019-12-30,238.0,240.89999389648438,237.5,238.1999969482422,202.4383087158203,13173134
2019-12-31,238.5500030517578,238.9499969482422,237.39999389648438,237.6999969482422,202.01336669921875,7142051
2020-01-01,238.60000610351562,238.60000610351562,237.10000610351562,238.10000610351562,202.3533477783203,4208837
2020-01-02,238.1999969482422,240.9499969482422,238.10000610351562,239.85000610351562,203.8406219482422,8402979
2020-01-03,241.0,241.0,238.0,238.5,202.69326782226562,9284478
2020-01-06,237.5,238.3000030517578,235.0,235.10000610351562,199.80372619628906,7636617
2020-01-07,236.0500030517578,237.89999389648438,234.60000610351562,235.35000610351562,200.0161895751953,8416741
2020-01-08,234.0,235.8000030517578,233.25,234.1999969482422,199.03884887695312,7043211
2020-01-09,235.60000610351562,236.60000610351562,235.0500030517578,235.8000030517578,200.3986358642578,9452653
2020-01-10,237.60000610351562,238.75,236.8000030517578,238.0,202.26834106445312,9973746
2020-01-13,238.5,240.5,238.25,239.25,203.3306884765625,12243639
2020-01-14,240.25,243.8000030517578,238.3000030517578,243.25,206.7301483154297,11843444
2020-01-15,242.5500030517578,243.0,241.10000610351562,242.39999389648438,206.00775146484375,5476729
2020-01-16,242.5,243.89999389648438,240.10000610351562,240.75,204.60548400878906,9369668
2020-01-17,240.75,242.10000610351562,239.39999389648438,239.9499969482422,203.92559814453125,7392403
2020-01-20,240.0500030517578,243.25,240.0500030517578,241.89999389648438,205.5828094482422,8020816
2020-01-21,241.4499969482422,241.4499969482422,238.0,238.4499969482422,202.65078735351562,9571070
2020-01-22,239.60000610351562,239.60000610351562,237.10000610351562,238.0500030517578,202.3108367919922,7654918
2020-01-23,238.10000610351562,238.75,236.89999389648438,237.89999389648438,202.183349609375,6120434
2020-01-24,237.39999389648438,239.10000610351562,237.0,238.14999389648438,202.3958282470703,6801874
2020-01-27,237.0,237.39999389648438,234.3000030517578,234.60000610351562,199.37881469726562,6837613
2020-01-28,234.75,235.89999389648438,230.5,230.75,196.1068115234375,14582907
2020-01-29,231.5,237.64999389648438,231.14999389648438,236.64999389648438,201.12100219726562,20469708
2020-01-30,236.9499969482422,237.0,233.0,234.0500030517578,198.911376953125,10394149
2020-01-31,235.75,238.39999389648438,234.0500030517578,235.14999389648438,199.84619140625,18455880
2020-02-03,215.0,216.89999389648438,205.0,207.60000610351562,176.43238830566406,79764370
2020-02-04,210.8000030517578,217.60000610351562,209.14999389648438,215.64999389648438,183.2738037109375,35767812
2020-02-05,216.3000030517578,217.5,211.5,216.4499969482422,183.95372009277344,21253607
2020-02-06,218.0,219.89999389648438,211.8000030517578,213.5500030517578,181.48910522460938,27388582
2020-02-07,213.8000030517578,215.6999969482422,212.75,213.39999389648438,181.3616180419922,17133407
2020-02-10,214.0,214.0500030517578,210.0500030517578,210.5500030517578,178.93948364257812,9617387
2020-02-11,216.5,216.9499969482422,211.8000030517578,212.60000610351562,180.68173217773438,29803784
2020-02-12,213.39999389648438,214.8000030517578,211.8000030517578,213.0500030517578,181.06414794921875,9928416
2020-02-13,213.0500030517578,213.4499969482422,211.1999969482422,211.89999389648438,180.08680725097656,9153131
2020-02-14,212.25,212.89999389648438,206.8000030517578,207.6999969482422,176.51736450195312,13731692
2020-02-17,208.0,208.64999389648438,204.0,204.8000030517578,174.05274963378906,15561953
2020-02-18,204.5500030517578,204.60000610351562,200.5,203.85000610351562,173.2454071044922,20934864
2020-02-19,205.25,207.14999389648438,203.85000610351562,206.6999969482422,175.66749572753906,9054560
2020-02-20,207.0,208.5500030517578,205.4499969482422,207.4499969482422,176.30491638183594,15592846
2020-02-24,207.0,207.4499969482422,201.8000030517578,203.0,172.5229949951172,16594046
2020-02-25,203.8000030517578,205.39999389648438,201.5,201.8000030517578,171.503173828125,15313516
2020-02-26,200.64999389648438,201.9499969482422,196.3000030517578,198.60000610351562,168.78359985351562,17869240
2020-02-27,198.39999389648438,199.14999389648438,195.89999389648438,197.5500030517578,167.89122009277344,17271066
2020-02-28,195.0,199.89999389648438,192.0500030517578,197.5500030517578,167.89122009277344,32628444
2020-03-02,199.5,203.4499969482422,193.64999389648438,195.3000030517578,165.97901916503906,18560049
2020-03-03,197.0,197.4499969482422,192.5500030517578,193.85000610351562,164.74671936035156,17947416
2020-03-04,194.9499969482422,195.5500030517578,186.5500030517578,187.5,159.35006713867188,27664076
2020-03-05,187.5500030517578,191.1999969482422,186.5500030517578,188.0500030517578,159.81747436523438,20025924
2020-03-06,184.85000610351562,184.85000610351562,179.75,181.75,154.4633331298828,26764504
2020-03-09,179.0,179.0,174.5,177.1999969482422,150.59642028808594,21794299
2020-03-11,174.0,176.75,172.35000610351562,175.64999389648438,149.2791290283203,27956087
2020-03-12,169.0,169.14999389648438,150.5500030517578,155.8000030517578,132.40928649902344,52039692
2020-03-13,150.0,164.0,134.60000610351562,162.25,137.89089965820312,61590681
2020-03-16,158.0,158.10000610351562,145.25,147.25,125.1429214477539,33254907
2020-03-17,148.0,155.8000030517578,146.0500030517578,149.14999389648438,126.75765991210938,47657482
2020-03-18,152.10000610351562,154.64999389648438,147.35000610351562,150.6999969482422,128.074951171875,50243331
2020-03-19,150.6999969482422,163.5500030517578,144.75,161.85000610351562,137.5509796142578,89748454
2020-03-20,165.10000610351562,176.5,165.10000610351562,175.5,149.1516571044922,61996400
2020-03-23,158.0,162.0,149.1999969482422,154.3000030517578,131.1344757080078,51353150
2020-03-24,162.9499969482422,163.6999969482422,147.39999389648438,149.6999969482422,127.22509765625,52552796
2020-03-25,151.0,152.0,139.0,147.35000610351562,125.2279052734375,62505978
2020-03-26,150.0,159.39999389648438,143.25,156.39999389648438,132.91920471191406,58443451
2020-03-27,162.0,166.0,155.0,163.1999969482422,138.69830322265625,32636484
2020-03-30,156.0500030517578,164.89999389648438,156.0500030517578,159.1999969482422,135.29881286621094,28120340
2020-03-31,164.0,173.85000610351562,161.5500030517578,171.6999969482422,145.92214965820312,42630666
2020-04-01,171.6999969482422,172.75,164.5500030517578,166.39999389648438,141.41787719726562,18141970
2020-04-03,167.89999389648438,182.75,167.0,177.89999389648438,151.19134521484375,62867436
2020-04-07,185.6999969482422,185.6999969482422,173.64999389648438,181.5500030517578,154.29335021972656,36118591
2020-04-08,180.85000610351562,184.0,176.64999389648438,178.64999389648438,151.82875061035156,37561082
2020-04-09,184.0,186.25,180.0,185.25,157.4378662109375,42626960
2020-04-13,184.5,186.64999389648438,181.0500030517578,181.60000610351562,154.33583068847656,17744169
2020-04-15,184.0500030517578,193.75,182.6999969482422,189.35000610351562,160.9223175048828,49092699
2020-04-16,189.64999389648438,191.1999969482422,185.4499969482422,186.35000610351562,158.37269592285156,27080032
2020-04-17,190.4499969482422,191.39999389648438,186.9499969482422,188.10000610351562,159.86000061035156,26667421
2020-04-20,189.9499969482422,189.9499969482422,179.5,180.6999969482422,153.57095336914062,35764287
2020-04-21,178.0,184.3000030517578,176.0500030517578,179.60000610351562,152.63612365722656,23333661
2020-04-22,179.0,183.5500030517578,176.0,182.25,154.8882598876953,25163402
2020-04-23,182.9499969482422,184.0,179.64999389648438,180.5500030517578,153.4434814453125,32968029
2020-04-24,181.0,182.8000030517578,179.3000030517578,180.0500030517578,153.0185546875,18049697
2020-04-27,180.25,182.3000030517578,179.3000030517578,179.85000610351562,152.8485870361328,13085703
2020-04-28,180.0,180.8000030517578,178.0500030517578,179.4499969482422,152.50865173339844,17802635
2020-04-29,180.5,182.89999389648438,179.64999389648438,182.14999389648438,154.8032684326172,21461067
2020-04-30,184.89999389648438,184.89999389648438,180.4499969482422,182.0500030517578,154.71829223632812,30164713
2020-05-04,181.75,181.75,170.64999389648438,174.0500030517578,147.91934204101562,30294317
2020-05-05,175.0,177.4499969482422,172.0,173.89999389648438,147.79185485839844,17707577
2020-05-06,171.39999389648438,171.39999389648438,160.5,163.89999389648438,139.29319763183594,65586734
2020-05-07,164.0,165.85000610351562,160.5,161.0,136.82859802246094,24249585
2020-05-08,163.9499969482422,164.14999389648438,157.10000610351562,158.25,134.49147033691406,25307015
2020-05-11,160.0,163.5,158.0,158.4499969482422,134.6614227294922,18095473
2020-05-12,158.4499969482422,165.89999389648438,157.5,165.0500030517578,140.2705535888672,21387527
2020-05-13,173.39999389648438,173.60000610351562,164.5,165.39999389648438,140.56800842285156,20015124
2020-05-14,164.5,168.25,161.9499969482422,163.8000030517578,139.20822143554688,14949993
2020-05-15,162.1999969482422,165.5,161.14999389648438,164.64999389648438,139.9305877685547,14950243
2020-05-18,166.0,167.3000030517578,163.14999389648438,164.75,140.0155792236328,20801299
2020-05-19,166.5,171.64999389648438,165.10000610351562,170.75,145.1147918701172,20142171
2020-05-20,171.9499969482422,177.0,171.0,175.75,149.36412048339844,25320734
2020-05-21,175.60000610351562,190.4499969482422,172.64999389648438,188.9499969482422,160.5823516845703,58382197
2020-05-22,188.0,191.89999389648438,184.60000610351562,186.35000610351562,158.37269592285156,39013770
2020-05-26,190.0,194.9499969482422,187.8000030517578,191.6999969482422,162.9195098876953,53233404
2020-05-27,192.5,193.89999389648438,186.89999389648438,192.14999389648438,163.30194091796875,24546119
2020-05-28,192.3000030517578,192.89999389648438,189.0,190.64999389648438,162.0271453857422,24578072
2020-05-29,190.4499969482422,198.0,189.0,197.35000610351562,167.72125244140625,35834621
2020-06-01,201.0,205.25,199.0,200.5500030517578,170.44081115722656,28508405
2020-06-02,201.89999389648438,201.89999389648438,196.6999969482422,197.25,167.6362762451172,22631373
2020-06-03,200.0,200.89999389648438,195.60000610351562,196.6999969482422,167.16883850097656,18979188
2020-06-04,197.75,202.5,195.0,200.14999389648438,170.10086059570312,21996048
2020-06-05,201.8000030517578,202.0,198.64999389648438,200.0,169.97340393066406,14629659
2020-06-08,202.89999389648438,203.64999389648438,197.0,197.64999389648438,167.9761962890625,19551313
2020-06-09,198.25,206.1999969482422,197.64999389648438,198.5,168.6986083984375,39914264
2020-06-10,199.4499969482422,203.14999389648438,198.3000030517578,199.0500030517578,169.166015625,27199665
2020-06-11,200.0,201.25,193.60000610351562,194.25,165.086669921875,19847133
2020-06-12,188.9499969482422,195.1999969482422,187.85000610351562,193.89999389648438,164.78919982910156,22562768
2020-06-15,193.89999389648438,193.9499969482422,186.3000030517578,187.1999969482422,159.09510803222656,24462536
2020-06-16,190.8000030517578,190.9499969482422,181.89999389648438,185.0,157.22540283203125,27636105
2020-06-17,184.0,185.0,180.6999969482422,181.1999969482422,153.99588012695312,24027295
2020-06-18,181.1999969482422,187.5,180.6999969482422,186.60000610351562,158.585205078125,28887489
2020-06-19,187.10000610351562,187.9499969482422,183.60000610351562,184.0500030517578,156.41802978515625,30531449
2020-06-22,186.5,187.5,183.14999389648438,185.0,157.22540283203125,31395991
2020-06-23,185.39999389648438,187.5,184.75,185.85000610351562,157.94776916503906,26546793
2020-06-24,187.39999389648438,194.6999969482422,186.14999389648438,191.85000610351562,163.0469970703125,54652978
2020-06-25,192.25,203.5,191.64999389648438,202.10000610351562,171.75811767578125,75574255
2020-06-26,206.0,209.39999389648438,193.3000030517578,195.1999969482422,165.89402770996094,71956002
2020-06-29,202.5,203.0,196.1999969482422,197.25,167.6362762451172,91503336
2020-06-30,199.39999389648438,199.39999389648438,194.0,194.64999389648438,165.42662048339844,41210494
2020-07-01,194.64999389648438,203.85000610351562,194.64999389648438,202.89999389648438,172.43801879882812,44297953
2020-07-02,204.4499969482422,206.75,202.5500030517578,205.85000610351562,174.94512939453125,39320871
2020-07-03,208.0,208.5,206.0,207.5500030517578,176.38987731933594,37893277
2020-07-06,200.35000610351562,201.9499969482422,198.9499969482422,199.8000030517578,178.53445434570312,34710176
2020-07-07,200.0,200.5,194.0,194.25,173.57516479492188,31263172
2020-07-08,194.25,197.9499969482422,194.25,196.3000030517578,175.40696716308594,21274354
2020-07-09,196.89999389648438,197.0,194.14999389648438,195.4499969482422,174.64743041992188,18769502
2020-07-10,195.14999389648438,196.5,194.0,194.35000610351562,173.66452026367188,16191544
2020-07-13,195.89999389648438,198.75,195.10000610351562,197.5500030517578,176.52392578125,20297515
2020-07-14,197.39999389648438,199.5,192.75,195.89999389648438,175.049560546875,18474376
2020-07-15,196.35000610351562,200.0,194.5,198.6999969482422,177.55152893066406,23776757
2020-07-16,198.6999969482422,198.85000610351562,192.0,193.85000610351562,173.21774291992188,22144320
2020-07-17,193.3000030517578,195.39999389648438,193.0,194.0500030517578,173.3964385986328,14882294
2020-07-20,195.0,195.35000610351562,192.35000610351562,192.6999969482422,172.1901397705078,18914963
2020-07-21,192.10000610351562,194.1999969482422,191.5,192.25,171.78802490234375,28010715
2020-07-22,193.0,197.89999389648438,192.5,196.5500030517578,175.63037109375,32572133
2020-07-23,197.64999389648438,201.5,196.8000030517578,200.6999969482422,179.3386688232422,31488108
2020-07-24,201.0,201.6999969482422,197.3000030517578,199.60000610351562,178.3557586669922,60183102
2020-07-27,200.5,200.5,195.14999389648438,196.39999389648438,175.496337890625,22645697
2020-07-28,197.0,198.64999389648438,195.0500030517578,195.39999389648438,174.60275268554688,19287132
2020-07-29,193.4499969482422,198.1999969482422,193.39999389648438,196.6999969482422,175.76438903808594,14831635
2020-07-30,198.39999389648438,198.39999389648438,192.5,193.35000610351562,172.77096557617188,16315231
2020-07-31,193.5,196.9499969482422,193.5,194.14999389648438,173.4857940673828,16652851
2020-08-03,194.0,194.0,191.89999389648438,192.60000610351562,172.10076904296875,13265411
2020-08-04,192.60000610351562,195.8000030517578,192.60000610351562,193.64999389648438,173.0390167236328,17187619
2020-08-05,194.5,194.60000610351562,191.6999969482422,192.8000030517578,172.27947998046875,48768332
2020-08-06,194.1999969482422,195.60000610351562,193.10000610351562,195.35000610351562,174.55809020996094,17886089
2020-08-07,195.5,197.0,194.14999389648438,196.0500030517578,175.18359375,20911818
2020-08-10,196.39999389648438,199.64999389648438,196.39999389648438,198.85000610351562,177.685546875,16474505
2020-08-11,200.0,207.6999969482422,200.0,203.0500030517578,181.43853759765625,55142972
2020-08-12,202.5,204.89999389648438,200.39999389648438,204.1999969482422,182.46615600585938,21287010
2020-08-13,203.5,204.1999969482422,197.10000610351562,201.4499969482422,180.00881958007812,22698888
2020-08-14,201.60000610351562,203.35000610351562,195.5,196.39999389648438,175.496337890625,28751298
2020-08-17,198.0500030517578,199.5,196.85000610351562,198.75,177.59622192382812,11740766
2020-08-18,199.89999389648438,199.89999389648438,197.25,198.5500030517578,177.41748046875,12488159
2020-08-19,198.60000610351562,201.6999969482422,198.10000610351562,198.4499969482422,177.32814025878906,15474353
2020-08-20,197.0,197.1999969482422,194.5500030517578,195.8000030517578,174.96018981933594,16910449
2020-08-21,198.0,199.1999969482422,196.3000030517578,196.8000030517578,175.85377502441406,17233813
2020-08-24,197.25,199.0,196.35000610351562,196.6999969482422,175.76438903808594,14737317
2020-08-25,197.25,198.3000030517578,195.10000610351562,195.39999389648438,174.60275268554688,15199264
2020-08-26,196.5,196.5500030517578,193.64999389648438,194.9499969482422,174.20065307617188,22631175
2020-08-27,198.5,198.89999389648438,193.89999389648438,194.25,173.57516479492188,47212216
2020-08-28,194.60000610351562,196.3000030517578,194.0500030517578,195.5500030517578,174.73681640625,34645487
2020-08-31,199.0,199.0,190.0,191.10000610351562,170.7604522705078,96994911
2020-09-01,191.10000610351562,192.35000610351562,188.25,190.1999969482422,169.9562225341797,39779151
2020-09-02,191.3000030517578,193.0,189.64999389648438,191.35000610351562,170.9838409423828,20585374
2020-09-03,191.39999389648438,193.25,190.0,191.60000610351562,171.20721435546875,15691462
2020-09-04,190.0,190.0,185.6999969482422,186.6999969482422,166.82872009277344,41389019
2020-09-07,187.25,190.5,180.8000030517578,189.10000610351562,168.9733123779297,32660563
2020-09-08,189.60000610351562,190.5500030517578,184.60000610351562,188.14999389648438,168.12440490722656,25589032
2020-09-09,185.5,186.25,182.3000030517578,183.8000030517578,164.23739624023438,27829564
2020-09-10,184.10000610351562,185.6999969482422,183.1999969482422,184.89999389648438,165.2203369140625,17784303
2020-09-11,184.89999389648438,186.5,182.75,183.9499969482422,164.37142944335938,19255948
2020-09-14,185.8000030517578,185.85000610351562,183.0,183.35000610351562,163.83531188964844,30992032
2020-09-15,184.0,184.1999969482422,180.8000030517578,181.8000030517578,162.45028686523438,30771790
2020-09-16,181.85000610351562,183.5,180.0500030517578,180.64999389648438,161.4226531982422,50641398
2020-09-17,180.8000030517578,181.5,177.8000030517578,178.60000610351562,159.59088134765625,33933262
2020-09-18,179.5500030517578,179.85000610351562,177.0,179.10000610351562,160.03765869140625,29782789
2020-09-21,180.0,180.60000610351562,175.0500030517578,175.75,157.044189453125,23891325
2020-09-22,175.75,176.75,173.75,174.1999969482422,155.65916442871094,18529108
2020-09-23,174.9499969482422,177.5500030517578,171.6999969482422,172.5,154.14012145996094,61785000
2020-09-24,171.6999969482422,171.75,166.14999389648438,166.5500030517578,148.8234100341797,31486355
2020-09-25,168.89999389648438,171.1999969482422,167.0,170.75,152.57635498046875,26625318
2020-09-28,171.0,174.8000030517578,170.5,173.3000030517578,154.85496520996094,23194638
2020-09-29,174.75,174.75,169.0,169.39999389648438,151.3700408935547,25615786
2020-09-30,170.0,172.10000610351562,168.6999969482422,171.6999969482422,153.42526245117188,18481590
2020-10-01,174.5,174.60000610351562,170.10000610351562,170.85000610351562,152.66574096679688,19756417
2020-10-05,171.10000610351562,172.8000030517578,168.75,169.25,151.23602294921875,24298942
2020-10-06,169.5,171.60000610351562,168.10000610351562,169.89999389648438,151.81683349609375,21885190
2020-10-07,170.0,170.89999389648438,169.0,169.5,151.4593963623047,16286540
2020-10-08,170.10000610351562,170.39999389648438,166.89999389648438,167.14999389648438,149.35952758789062,25502126
2020-10-09,167.5,168.89999389648438,166.35000610351562,167.85000610351562,149.98501586914062,22373277
2020-10-12,170.5,175.1999969482422,170.0,172.1999969482422,153.87203979492188,66250422
2020-10-13,172.85000610351562,174.85000610351562,169.5,170.14999389648438,152.04022216796875,35684395
2020-10-14,170.5500030517578,171.0,167.0500030517578,167.8000030517578,149.94033813476562,38216229
2020-10-15,167.6999969482422,167.8000030517578,164.5500030517578,165.0500030517578,147.48304748535156,27116799
2020-10-16,165.5,166.8000030517578,163.8000030517578,165.6999969482422,148.06387329101562,20227056
2020-10-19,166.8000030517578,168.89999389648438,166.14999389648438,168.25,150.3424530029297,19016521
2020-10-20,168.0,168.3000030517578,166.6999969482422,167.4499969482422,149.6276092529297,16148741
2020-10-21,168.14999389648438,168.89999389648438,166.60000610351562,167.64999389648438,149.8063201904297,16478833
2020-10-22,167.5500030517578,169.10000610351562,167.0,168.5500030517578,150.6105194091797,22044107
2020-10-23,168.9499969482422,171.0,167.75,170.75,152.57635498046875,20145584
2020-10-26,171.5,171.60000610351562,168.25,168.5500030517578,150.6105194091797,16080575
2020-10-27,168.5,169.3000030517578,166.75,167.1999969482422,149.40420532226562,45885092
2020-10-28,168.5,168.5,165.0,165.5,147.88514709472656,16820774
2020-10-29,165.0,165.9499969482422,163.4499969482422,163.85000610351562,146.41075134277344,21007139
2020-10-30,164.0,166.8000030517578,163.35000610351562,165.25,147.66175842285156,16347325
2020-11-02,166.8000030517578,167.1999969482422,164.4499969482422,166.75,149.00210571289062,14370649
2020-11-03,167.1999969482422,170.75,167.10000610351562,170.10000610351562,151.9955596923828,22602903
2020-11-04,170.0500030517578,171.8000030517578,168.1999969482422,169.8000030517578,151.72747802734375,18808819
2020-11-05,171.25,175.0,170.1999969482422,174.75,156.150634765625,26997641
2020-11-06,176.5,177.1999969482422,173.39999389648438,173.9499969482422,155.43577575683594,34252005
2020-11-09,173.9499969482422,177.3000030517578,171.85000610351562,172.8000030517578,154.40818786621094,35286484
2020-11-10,175.0,179.5500030517578,171.85000610351562,178.35000610351562,159.36746215820312,57459436
2020-11-11,179.60000610351562,185.89999389648438,178.60000610351562,185.3000030517578,165.5777587890625,63318644
2020-11-12,185.1999969482422,188.75,183.85000610351562,188.0,167.99037170410156,46367792
2020-11-13,187.1999969482422,188.8000030517578,185.5500030517578,187.10000610351562,167.18617248535156,28198725
2020-11-14,189.0500030517578,190.0,188.0500030517578,188.60000610351562,168.52651977539062,7767144
2020-11-17,189.0,189.39999389648438,186.39999389648438,187.35000610351562,167.4095458984375,20950589
2020-11-18,186.8000030517578,188.4499969482422,182.75,184.0500030517578,164.4608154296875,26595992
2020-11-19,182.8000030517578,191.8000030517578,182.6999969482422,187.89999389648438,167.90101623535156,48984610
2020-11-20,188.8000030517578,192.0,186.0500030517578,191.6999969482422,171.2965850830078,45307312
2020-11-23,192.0,192.5,188.64999389648438,190.85000610351562,170.53704833984375,23180456
2020-11-24,190.60000610351562,196.4499969482422,190.60000610351562,195.5500030517578,174.73681640625,45411815
2020-11-25,196.0,197.9499969482422,192.5,193.85000610351562,173.21774291992188,41659179
2020-11-26,195.10000610351562,195.85000610351562,192.5500030517578,194.8000030517578,174.06663513183594,24222956
2020-11-27,194.4499969482422,195.75,193.1999969482422,193.64999389648438,173.0390167236328,31385396
2020-12-01,195.0,196.35000610351562,192.39999389648438,194.39999389648438,173.7091827392578,15893346
2020-12-02,195.0,198.75,193.5500030517578,195.9499969482422,175.09422302246094,28425948
2020-12-03,197.1999969482422,197.1999969482422,194.5500030517578,196.1999969482422,175.31761169433594,28009042
2020-12-04,196.85000610351562,199.35000610351562,196.5,198.1999969482422,177.104736328125,22152332
2020-12-07,198.1999969482422,203.75,197.60000610351562,203.14999389648438,181.5279083251953,35693450
2020-12-08,203.89999389648438,204.6999969482422,199.5500030517578,202.4499969482422,180.9023895263672,30853963
2020-12-09,205.0,207.8000030517578,204.64999389648438,205.39999389648438,183.53842163085938,39684395
2020-12-10,206.64999389648438,213.64999389648438,203.14999389648438,212.6999969482422,190.0614471435547,65227495
2020-12-11,214.4499969482422,217.9499969482422,213.35000610351562,216.3000030517578,193.27828979492188,60322445
2020-12-14,217.9499969482422,218.60000610351562,215.0,215.89999389648438,192.92086791992188,26990063
2020-12-15,215.25,216.39999389648438,211.60000610351562,213.5500030517578,190.8209991455078,23255609
2020-12-16,213.75,215.5500030517578,213.5,214.0,191.22308349609375,19551630
2020-12-17,214.1999969482422,215.10000610351562,211.25,213.0500030517578,190.37420654296875,22386185
2020-12-18,213.10000610351562,215.9499969482422,209.75,214.5,191.6698760986328,23775053
2020-12-21,214.5,214.6999969482422,199.14999389648438,202.9499969482422,181.3491973876953,41834797
2020-12-22,203.10000610351562,206.25,196.89999389648438,203.39999389648438,181.75128173828125,40986353
2020-12-23,203.0,208.25,202.0,207.75,185.63832092285156,23695667
2020-12-24,210.0,210.64999389648438,205.60000610351562,208.60000610351562,186.39785766601562,22768284
2020-12-28,209.0,210.1999969482422,207.85000610351562,209.5,187.20204162597656,15741000
2020-12-29,210.5,213.5,210.10000610351562,211.5500030517578,189.03384399414062,26546469
2020-12-30,212.6999969482422,213.5,209.5500030517578,211.14999389648438,188.67642211914062,18925262
2020-12-31,210.5500030517578,211.3000030517578,208.5500030517578,209.0,186.75526428222656,18245270
2021-01-01,209.89999389648438,214.1999969482422,209.3000030517578,213.85000610351562,191.0890655517578,19527333
2021-01-04,214.0,216.0,212.10000610351562,213.39999389648438,190.68695068359375,26891799
2021-01-05,212.4499969482422,213.25,210.60000610351562,211.4499969482422,188.94448852539062,18024083
2021-01-06,211.4499969482422,211.5,204.5,205.39999389648438,183.53842163085938,49067837
2021-01-07,206.10000610351562,207.60000610351562,202.10000610351562,202.8000030517578,181.21514892578125,34952401
2021-01-08,204.35000610351562,206.0,200.25,201.5,180.0535125732422,56427360
2021-01-11,204.0,206.10000610351562,201.25,202.5,180.94708251953125,42970983
2021-01-12,203.0,206.89999389648438,201.60000610351562,206.4499969482422,184.47665405273438,35617404
2021-01-13,207.4499969482422,213.0,205.25,211.25,188.76577758789062,63925996
2021-01-14,212.0,216.5,211.60000610351562,214.14999389648438,191.35711669921875,48304263
2021-01-15,214.89999389648438,218.5,211.1999969482422,217.85000610351562,194.66331481933594,58321158
2021-01-18,218.39999389648438,222.0,214.60000610351562,219.75,196.361083984375,67607822
2021-01-19,221.0,221.6999969482422,217.5,218.85000610351562,195.556884765625,31785089
2021-01-20,218.5,219.0,215.6999969482422,217.64999389648438,194.48460388183594,44672447
2021-01-21,219.0,219.5,212.1999969482422,213.6999969482422,190.9550323486328,28999164
2021-01-22,214.0,214.75,209.14999389648438,210.6999969482422,188.27432250976562,24712182
2021-01-25,212.0,212.5,206.85000610351562,207.8000030517578,185.6829833984375,24967899
2021-01-27,208.0,212.64999389648438,207.10000610351562,210.64999389648438,188.22962951660156,48471357
2021-01-28,209.25,211.0,205.75,206.60000610351562,184.61070251464844,22131983
2021-01-29,208.5500030517578,208.8000030517578,202.35000610351562,203.25,181.6172637939453,23764654
2021-02-01,204.0,217.9499969482422,201.8000030517578,215.9499969482422,192.96554565429688,57744414
2021-02-02,220.0,223.5,217.0,218.1999969482422,194.97605895996094,48457781
2021-02-03,221.5,222.0,215.6999969482422,216.75,193.68040466308594,53643263
2021-02-04,216.10000610351562,231.39999389648438,216.0,229.9499969482422,205.4754638671875,105818897
2021-02-05,232.14999389648438,238.85000610351562,227.25,234.35000610351562,209.40716552734375,125490301
2021-02-08,237.5,238.0500030517578,231.5,233.10000610351562,208.2902069091797,41495834
2021-02-09,234.60000610351562,239.1999969482422,228.1999969482422,229.0,204.62655639648438,70655961
2021-02-10,229.0,231.10000610351562,223.10000610351562,227.5500030517578,203.33090209960938,47283127
2021-02-11,229.0,229.3000030517578,224.5,226.4499969482422,202.3479766845703,43631374
2021-02-12,225.75,225.75,215.8000030517578,217.4499969482422,194.30587768554688,110568108
2021-02-15,218.4499969482422,221.0,217.5,218.60000610351562,195.33349609375,31776555
2021-02-16,219.0500030517578,221.8000030517578,217.25,218.25,195.02073669433594,29148891
2021-02-17,217.60000610351562,218.39999389648438,216.5500030517578,217.75,194.57395935058594,19850516
2021-02-18,218.1999969482422,220.60000610351562,217.89999389648438,218.85000610351562,195.556884765625,24070563
2021-02-19,218.85000610351562,218.89999389648438,214.0,215.9499969482422,192.96554565429688,28125203
2021-02-22,212.0,212.0,206.0,207.0500030517578,189.39804077148438,51546288
2021-02-23,208.0,210.5500030517578,207.0,208.5,190.7244110107422,26675953
2021-02-24,209.10000610351562,209.8000030517578,206.5,208.85000610351562,191.04458618164062,13160617
2021-02-25,209.5,211.1999969482422,208.8000030517578,209.14999389648438,191.31900024414062,25954142
2021-02-26,207.25,208.0,203.0,203.85000610351562,186.47084045410156,43429293
2021-03-01,205.4499969482422,207.75,204.0500030517578,206.89999389648438,189.2608184814453,16225536
2021-03-02,207.0,210.8000030517578,206.5,209.89999389648438,192.0050506591797,25604169
2021-03-03,212.0,212.0,208.8000030517578,209.9499969482422,192.05079650878906,20846117
2021-03-04,208.8000030517578,211.3000030517578,207.60000610351562,209.6999969482422,191.8220977783203,24899212
2021-03-05,208.0,210.0,207.1999969482422,208.5500030517578,190.77015686035156,17323590
2021-03-08,209.6999969482422,210.8000030517578,207.6999969482422,208.0,190.2670440673828,22988740
2021-03-09,208.6999969482422,209.75,204.75,207.8000030517578,190.0841064453125,22593086
2021-03-10,209.10000610351562,209.1999969482422,205.8000030517578,206.5,188.89492797851562,19603214
2021-03-12,208.0,208.0,203.5,205.1999969482422,187.70574951171875,30787960
2021-03-15,205.85000610351562,206.0,201.60000610351562,205.4499969482422,187.93443298339844,41115805
2021-03-16,206.39999389648438,208.89999389648438,204.9499969482422,207.85000610351562,190.12982177734375,48763187
2021-03-17,212.1999969482422,213.89999389648438,208.5500030517578,210.60000610351562,192.64537048339844,78578698
2021-03-18,213.0,219.10000610351562,211.89999389648438,217.64999389648438,199.0943145751953,91993104
2021-03-19,219.0,226.14999389648438,215.5500030517578,222.9499969482422,203.94247436523438,134184994
2021-03-22,223.3000030517578,226.39999389648438,221.5,226.0,206.73245239257812,46050245
2021-03-23,225.0,228.10000610351562,221.3000030517578,222.1999969482422,203.2564239501953,41564683
2021-03-24,221.0,222.8000030517578,215.25,215.9499969482422,197.5392608642578,27609243
2021-03-25,215.14999389648438,215.9499969482422,209.0500030517578,211.60000610351562,193.56011962890625,40681282
2021-03-26,214.25,214.4499969482422,210.35000610351562,210.89999389648438,192.91978454589844,26079435
2021-03-30,213.25,215.0,210.39999389648438,214.5500030517578,196.2586212158203,27792033
2021-03-31,214.0500030517578,219.3000030517578,212.6999969482422,218.5,199.87185668945312,36485322
2021-04-01,220.0,220.60000610351562,217.3000030517578,220.0500030517578,201.2897186279297,29062762
2021-04-05,217.60000610351562,220.0,210.5,212.5500030517578,194.42913818359375,31378045
2021-04-06,213.8000030517578,214.9499969482422,210.14999389648438,212.64999389648438,194.5205841064453,25674227
2021-04-07,212.6999969482422,215.1999969482422,212.4499969482422,213.8000030517578,195.57257080078125,15204883
2021-04-08,214.85000610351562,216.10000610351562,212.85000610351562,213.25,195.06944274902344,14116874
2021-04-09,213.75,215.9499969482422,212.5500030517578,213.10000610351562,194.9322509765625,16364247
2021-04-12,210.0,211.0,205.0,205.3000030517578,187.79722595214844,34511670
2021-04-13,207.0,209.6999969482422,206.0,208.6999969482422,190.90736389160156,20247639
2021-04-15,209.0,210.4499969482422,206.0,206.6999969482422,189.07786560058594,17530742
2021-04-16,208.0,209.25,206.5,207.9499969482422,190.22129821777344,13311926
2021-04-19,205.0,206.10000610351562,203.75,205.60000610351562,188.0716552734375,15792299
2021-04-20,206.1999969482422,207.0,202.5,203.5500030517578,186.19644165039062,21364882
2021-04-22,202.0,206.3000030517578,200.5500030517578,205.89999389648438,188.3460693359375,23139735
2021-04-23,204.25,207.0,204.25,205.35000610351562,187.84295654296875,19625381
2021-04-26,205.8000030517578,206.75,204.6999969482422,205.3000030517578,187.79722595214844,19886214
2021-04-27,205.3000030517578,206.9499969482422,205.0500030517578,205.39999389648438,187.88868713378906,11444814
2021-04-28,206.0,206.5,205.3000030517578,205.5,187.98016357421875,12708021
2021-04-29,207.10000610351562,207.5500030517578,204.0500030517578,204.3000030517578,186.88247680664062,13096755
2021-04-30,203.89999389648438,205.6999969482422,202.0,202.60000610351562,185.32742309570312,16495657
2021-05-03,201.1999969482422,201.85000610351562,200.0,200.9499969482422,183.81808471679688,20611626
2021-05-04,201.1999969482422,202.35000610351562,199.10000610351562,199.60000610351562,182.5831756591797,18259282
2021-05-05,201.4499969482422,202.0,199.5,201.39999389648438,184.22972106933594,13862655
2021-05-06,202.3000030517578,205.9499969482422,202.10000610351562,202.75,185.46461486816406,14320889
2021-05-07,202.9499969482422,206.4499969482422,202.9499969482422,205.35000610351562,187.84295654296875,19463495
2021-05-10,207.14999389648438,207.4499969482422,205.0,205.5500030517578,188.02590942382812,16295368
2021-05-11,203.89999389648438,206.5,203.75,204.0,186.60804748535156,13747541
2021-05-12,203.89999389648438,205.25,202.85000610351562,203.25,185.9219970703125,16537612
2021-05-14,205.0,213.1999969482422,204.0,212.25,194.1547088623047,61647120
2021-05-17,216.8000030517578,217.0,211.64999389648438,212.60000610351562,194.47488403320312,38001828
2021-05-18,214.10000610351562,214.60000610351562,209.64999389648438,210.0500030517578,192.1422576904297,30479551
2021-05-19,210.0500030517578,211.39999389648438,207.5500030517578,207.75,190.03836059570312,24405319
2021-05-20,208.4499969482422,209.3000030517578,206.8000030517578,207.0,189.352294921875,20884367
2021-05-21,207.60000610351562,209.85000610351562,207.39999389648438,209.0500030517578,191.22752380371094,22638020
2021-05-24,209.5,212.0500030517578,207.75,211.5,193.46865844726562,28865798
2021-05-25,213.0,213.39999389648438,210.25,210.89999389648438,192.91978454589844,25334878
2021-05-26,211.8000030517578,212.4499969482422,210.3000030517578,210.60000610351562,192.64537048339844,17576137
2021-05-27,211.0,214.14999389648438,210.3000030517578,211.14999389648438,193.14846801757812,47554219
2021-05-28,212.5,213.5,211.5500030517578,212.89999389648438,194.74928283691406,25597550
2021-05-31,215.0,217.89999389648438,214.39999389648438,216.60000610351562,198.13385009765625,73039531
2021-06-01,218.0,219.39999389648438,214.25,215.25,196.89894104003906,38755111
2021-06-02,210.5,212.4499969482422,208.60000610351562,209.0,191.18179321289062,96654991
2021-06-03,210.75,210.75,208.6999969482422,209.0500030517578,191.22752380371094,46657520
2021-06-04,209.5,209.6999969482422,208.0,208.75,190.95310974121094,30126021
2021-06-07,210.39999389648438,212.39999389648438,210.1999969482422,211.4499969482422,193.4228973388672,31433280
2021-06-08,212.1999969482422,214.25,211.1999969482422,213.64999389648438,195.4353485107422,21261361
2021-06-09,214.0,214.75,211.5,212.5,194.3833770751953,24887924
2021-06-10,208.6999969482422,211.39999389648438,207.5,209.3000030517578,196.78086853027344,30719587
2021-06-11,210.3000030517578,210.4499969482422,207.75,207.89999389648438,195.46461486816406,21424291
2021-06-14,207.9499969482422,208.4499969482422,205.1999969482422,207.3000030517578,194.9005126953125,17677889
2021-06-15,207.5500030517578,208.39999389648438,207.0,207.0500030517578,194.66546630859375,14854294
2021-06-16,207.0500030517578,209.35000610351562,207.0500030517578,207.85000610351562,195.4176025390625,20104244
2021-06-17,206.9499969482422,208.0,205.0,205.64999389648438,193.34918212890625,21476893
2021-06-18,206.0,206.4499969482422,202.5,204.5500030517578,192.3149871826172,23567549
2021-06-21,203.10000610351562,206.0,202.39999389648438,204.4499969482422,192.22096252441406,19074685
2021-06-22,206.10000610351562,206.25,204.35000610351562,205.10000610351562,192.8320770263672,18042675
2021-06-23,205.64999389648438,205.85000610351562,203.60000610351562,203.9499969482422,191.75088500976562,12575210
2021-06-24,204.4499969482422,204.64999389648438,202.5500030517578,203.25,191.09274291992188,22435272
2021-06-25,204.0,205.60000610351562,203.75,205.0500030517578,192.7850799560547,13877208
2021-06-28,205.89999389648438,205.89999389648438,203.35000610351562,203.60000610351562,191.42181396484375,14627153
2021-06-29,203.60000610351562,205.3000030517578,203.14999389648438,203.3000030517578,191.1397705078125,13326068
2021-06-30,204.3000030517578,204.39999389648438,202.5500030517578,202.6999969482422,190.57565307617188,15942408
2021-07-01,202.89999389648438,203.8000030517578,202.14999389648438,203.0,190.85769653320312,10191296
2021-07-02,203.3000030517578,203.6999969482422,202.25,202.39999389648438,190.2935791015625,12698779
2021-07-05,203.0,204.10000610351562,202.6999969482422,203.64999389648438,191.46881103515625,10248249
2021-07-06,203.25,203.8000030517578,202.25,202.5,190.38760375976562,11088659
2021-07-07,202.5,205.1999969482422,202.3000030517578,203.75,191.56283569335938,17879443
2021-07-08,203.5,204.5,201.8000030517578,202.0,189.91751098632812,20925008
2021-07-09,202.0,202.35000610351562,200.89999389648438,201.35000610351562,189.306396484375,11834045
2021-07-12,202.0,202.5500030517578,200.9499969482422,201.10000610351562,189.07135009765625,13085323
2021-07-13,202.0,202.1999969482422,201.35000610351562,201.85000610351562,189.77650451660156,10830411
2021-07-14,201.85000610351562,205.14999389648438,201.6999969482422,204.10000610351562,191.89190673828125,20480406
2021-07-15,204.39999389648438,208.5,202.89999389648438,206.25,193.91329956054688,28852257
2021-07-16,207.6999969482422,209.64999389648438,207.1999969482422,207.89999389648438,195.46461486816406,29019824
2021-07-19,206.8000030517578,209.5,206.35000610351562,207.75,195.32357788085938,16464973
2021-07-20,208.1999969482422,209.3000030517578,206.39999389648438,206.8000030517578,194.430419921875,23656813
2021-07-22,207.0,208.25,205.85000610351562,207.0,194.61843872070312,18311537
2021-07-23,207.0,213.60000610351562,206.5,212.39999389648438,199.6954345703125,44526781
2021-07-26,214.0,215.35000610351562,210.8000030517578,211.14999389648438,198.52020263671875,47263771
2021-07-27,212.0,213.0,207.9499969482422,208.64999389648438,196.1697540283203,24436949
2021-07-28,208.3000030517578,210.0,207.4499969482422,209.10000610351562,196.5928497314453,14736840
2021-07-29,209.10000610351562,210.1999969482422,205.64999389648438,206.0500030517578,193.7252655029297,15603733
2021-07-30,206.10000610351562,207.10000610351562,204.60000610351562,204.9499969482422,192.69105529785156,14940336
2021-08-02,206.4499969482422,207.5,205.4499969482422,207.3000030517578,194.9005126953125,9674128
2021-08-03,207.5,210.89999389648438,206.4499969482422,209.89999389648438,197.34498596191406,18468527
2021-08-04,210.89999389648438,211.10000610351562,208.10000610351562,208.60000610351562,196.12274169921875,10998260
2021-08-05,208.60000610351562,216.75,206.89999389648438,215.25,202.37496948242188,47178466
2021-08-06,215.39999389648438,216.0,212.60000610351562,214.25,201.43478393554688,23581637
2021-08-09,215.0,217.14999389648438,212.6999969482422,213.8000030517578,201.01170349121094,20358146
2021-08-10,214.0,214.4499969482422,208.5500030517578,209.85000610351562,197.29798889160156,18155926
2021-08-11,209.85000610351562,210.60000610351562,207.4499969482422,208.64999389648438,196.1697540283203,15418634
2021-08-12,210.25,214.1999969482422,208.35000610351562,208.89999389648438,196.40480041503906,27692208
2021-08-13,209.85000610351562,212.3000030517578,209.1999969482422,211.4499969482422,198.80226135253906,18850939
2021-08-16,211.39999389648438,213.25,210.5,210.89999389648438,198.28514099121094,11190075
2021-08-17,210.8000030517578,211.5,208.8000030517578,209.1999969482422,196.6868438720703,7858486
2021-08-18,209.60000610351562,211.5,208.35000610351562,208.9499969482422,196.45179748535156,10735658
2021-08-20,207.0,210.6999969482422,206.6999969482422,208.89999389648438,196.40480041503906,19421004
2021-08-23,209.5,210.1999969482422,206.0,206.3000030517578,193.96031188964844,9936365
2021-08-24,207.0,207.0,204.6999969482422,205.75,193.44320678710938,12490094
2021-08-25,206.39999389648438,207.89999389648438,206.0,206.39999389648438,194.0543212890625,10586894
2021-08-26,206.39999389648438,206.85000610351562,204.35000610351562,204.60000610351562,192.3619842529297,14836173
2021-08-27,205.0,206.85000610351562,204.89999389648438,205.89999389648438,193.584228515625,10476384
2021-08-30,206.0,208.1999969482422,206.0,208.0,195.55862426757812,12084844
2021-08-31,208.0500030517578,211.60000610351562,207.25,211.3000030517578,198.66123962402344,25808430
2021-09-01,211.0,212.3000030517578,209.3000030517578,209.5,196.9689178466797,16241960
2021-09-02,209.0,211.5,209.0,209.75,197.20396423339844,14321164
2021-09-03,209.75,211.25,209.75,210.60000610351562,198.00311279296875,10228853
2021-09-06,211.0,211.1999969482422,209.0500030517578,209.3000030517578,196.78086853027344,10632156
2021-09-07,210.89999389648438,214.35000610351562,210.14999389648438,211.75,199.08432006835938,37489544
2021-09-08,212.25,213.0,209.6999969482422,211.25,198.61422729492188,17233315
2021-09-09,211.0500030517578,213.89999389648438,210.5500030517578,212.64999389648438,199.93048095703125,19051252
2021-09-13,213.35000610351562,215.14999389648438,211.8000030517578,214.14999389648438,201.34075927734375,16043896
2021-09-14,214.89999389648438,217.25,214.1999969482422,216.10000610351562,203.17413330078125,19621849
2021-09-15,217.10000610351562,217.1999969482422,215.3000030517578,216.0,203.0801239013672,20248758
2021-09-16,216.9499969482422,233.64999389648438,216.3000030517578,230.75,216.94786071777344,149238901
2021-09-17,233.0,237.3000030517578,229.10000610351562,231.14999389648438,217.3239288330078,79501805
2021-09-20,231.0,239.35000610351562,230.25,233.75,219.76841735839844,70390969
2021-09-21,234.9499969482422,242.4499969482422,231.6999969482422,241.5,227.05484008789062,56671832
2021-09-22,243.5,245.8000030517578,240.6999969482422,243.5,228.9352264404297,52621868
2021-09-23,245.0,245.60000610351562,241.6999969482422,242.5,227.9950408935547,21791090
2021-09-24,244.0,244.0,237.6999969482422,238.4499969482422,224.18728637695312,24823291
2021-09-27,239.8000030517578,241.85000610351562,235.5,238.6999969482422,224.4223175048828,22890540
2021-09-28,239.85000610351562,241.60000610351562,236.3000030517578,237.75,223.52914428710938,15713947
2021-09-29,236.0,241.39999389648438,235.6999969482422,238.10000610351562,223.85821533203125,15450046
2021-09-30,239.89999389648438,240.39999389648438,235.25,236.14999389648438,222.02484130859375,16357902
2021-10-01,235.1999969482422,237.0,232.89999389648438,235.35000610351562,221.27272033691406,15956143
2021-10-04,236.0,238.35000610351562,235.39999389648438,236.60000610351562,222.44793701171875,10686552
2021-10-05,236.39999389648438,237.4499969482422,234.5,234.6999969482422,220.6615753173828,9223597
2021-10-06,234.8000030517578,236.39999389648438,230.60000610351562,231.25,217.41795349121094,17505160
2021-10-07,233.0,234.9499969482422,232.3000030517578,232.9499969482422,219.01626586914062,10371535
2021-10-08,234.75,234.8000030517578,231.1999969482422,231.6999969482422,217.8410186767578,9739240
2021-10-11,232.0,239.5,231.6999969482422,238.0500030517578,223.81121826171875,21184428
2021-10-12,238.60000610351562,243.0,238.0,241.3000030517578,226.86680603027344,29222028
2021-10-13,242.5500030517578,250.89999389648438,240.14999389648438,249.1999969482422,234.29428100585938,50159625
2021-10-14,253.25,261.8500061035156,250.35000610351562,256.54998779296875,241.2046356201172,85406902
2021-10-18,261.0,265.29998779296875,257.3500061035156,262.54998779296875,246.84573364257812,60292901
2021-10-19,261.3999938964844,262.54998779296875,245.0500030517578,245.9499969482422,231.23867797851562,59061766
2021-10-20,245.9499969482422,248.5,242.35000610351562,246.60000610351562,231.84982299804688,47822165
2021-10-21,248.0,248.35000610351562,243.10000610351562,244.6999969482422,230.06344604492188,22518727
2021-10-22,244.6999969482422,245.8000030517578,233.6999969482422,236.60000610351562,222.44793701171875,35537151
2021-10-25,234.10000610351562,236.64999389648438,230.5,233.39999389648438,219.4393310546875,22333919
2021-10-26,234.10000610351562,239.0,232.60000610351562,236.6999969482422,222.54196166992188,18934170
2021-10-27,240.25,241.3000030517578,236.1999969482422,238.4499969482422,224.18728637695312,25911499
2021-10-28,235.10000610351562,235.9499969482422,224.14999389648438,225.10000610351562,211.6358184814453,46282465
2021-10-29,225.0,228.25,222.3000030517578,223.1999969482422,209.8494415283203,26642108
2021-11-01,224.14999389648438,227.5500030517578,222.5,226.85000610351562,213.2811279296875,23197539
2021-11-02,228.0,229.25,224.5,225.60000610351562,212.10589599609375,14343859
2021-11-03,226.0,226.85000610351562,221.6999969482422,222.4499969482422,209.14431762695312,17843327
2021-11-04,224.85000610351562,227.3000030517578,224.0,226.5500030517578,212.99908447265625,7024796
2021-11-08,229.6999969482422,230.6999969482422,225.6999969482422,229.8000030517578,216.05467224121094,20270558
2021-11-09,229.85000610351562,230.89999389648438,227.85000610351562,228.75,215.06747436523438,11520817
2021-11-10,227.4499969482422,232.85000610351562,227.1999969482422,230.85000610351562,217.0418701171875,13431108
2021-11-11,230.39999389648438,231.5,228.5500030517578,230.0,216.24270629882812,8134962
2021-11-12,231.1999969482422,233.9499969482422,229.14999389648438,232.89999389648438,218.96923828125,11855531
2021-11-15,233.9499969482422,239.0,233.10000610351562,238.10000610351562,223.85821533203125,38755267
2021-11-16,239.0500030517578,239.64999389648438,235.0,235.4499969482422,221.36671447753906,14675969
2021-11-17,236.0,245.25,235.64999389648438,239.5,225.1744842529297,46697822
2021-11-18,240.0,243.0,236.3000030517578,237.5,223.29409790039062,20226071
2021-11-22,237.89999389648438,240.75,229.5500030517578,230.89999389648438,217.08888244628906,22574227
2021-11-23,229.14999389648438,232.6999969482422,229.14999389648438,231.60000610351562,217.7470245361328,13433385
2021-11-24,232.4499969482422,232.6999969482422,226.9499969482422,227.6999969482422,214.0802764892578,14139854
2021-11-25,227.0,232.1999969482422,225.75,231.3000030517578,217.46495056152344,23904846
2021-11-26,228.89999389648438,230.0500030517578,223.10000610351562,224.0,210.60159301757812,27027022
2021-11-29,222.0,223.64999389648438,220.1999969482422,221.5,208.2511444091797,22132952
2021-11-30,222.0,225.1999969482422,220.0,221.14999389648438,207.92205810546875,23503453
2021-12-01,222.0,223.3000030517578,220.60000610351562,221.89999389648438,208.627197265625,12995800
2021-12-02,221.89999389648438,226.14999389648438,221.3000030517578,225.4499969482422,211.96487426757812,15904846
2021-12-03,225.0,226.1999969482422,221.35000610351562,221.64999389648438,208.39215087890625,13794647
2021-12-06,221.64999389648438,222.1999969482422,217.5,217.89999389648438,204.866455078125,13138355
2021-12-07,218.89999389648438,221.9499969482422,218.10000610351562,220.64999389648438,207.4519805908203,8903842
2021-12-08,221.0,225.64999389648438,221.0,224.9499969482422,211.49478149414062,9861847
2021-12-09,223.0,236.4499969482422,223.0,235.39999389648438,221.3197021484375,38241864
2021-12-10,236.1999969482422,238.9499969482422,233.75,236.10000610351562,221.9778594970703,35162889
2021-12-13,238.0,238.75,234.14999389648438,234.60000610351562,220.5675811767578,22054342
2021-12-14,235.0,237.10000610351562,227.5500030517578,228.60000610351562,214.92645263671875,37508445
2021-12-15,230.0,232.1999969482422,223.39999389648438,224.0500030517578,210.6486053466797,34653042
2021-12-16,226.0,226.14999389648438,220.8000030517578,222.89999389648438,209.5673828125,24199205
2021-12-17,222.8000030517578,222.85000610351562,216.75,217.9499969482422,204.91346740722656,29683982
2021-12-20,216.25,216.25,209.8000030517578,212.39999389648438,199.6954345703125,37340790
2021-12-21,214.0,215.4499969482422,211.0500030517578,212.5,199.78945922851562,19395604
2021-12-22,214.0,214.1999969482422,211.10000610351562,212.0,199.3193817138672,17239484
2021-12-23,213.89999389648438,218.4499969482422,213.1999969482422,217.3000030517578,204.30235290527344,22209720
2021-12-24,218.0,220.4499969482422,216.4499969482422,218.0,204.96047973632812,16581585
2021-12-27,218.39999389648438,218.4499969482422,215.64999389648438,217.5500030517578,204.5373992919922,8153106
2021-12-28,218.0,220.60000610351562,218.0,220.0500030517578,206.8878631591797,11568803
2021-12-29,220.0,220.3000030517578,216.3000030517578,216.75,203.78524780273438,11480954
2021-12-30,216.60000610351562,217.89999389648438,215.5,216.0,203.0801239013672,9741198
2021-12-31,216.89999389648438,218.8000030517578,216.14999389648438,218.0500030517578,205.00750732421875,7583815
2022-01-03,218.0500030517578,219.85000610351562,217.0500030517578,219.10000610351562,205.99468994140625,7765495
2022-01-04,219.5,221.6999969482422,219.0500030517578,220.25,207.07591247558594,9050253
2022-01-05,219.64999389648438,221.5,218.64999389648438,220.5500030517578,207.3579559326172,11230588
2022-01-06,219.0,220.39999389648438,218.1999969482422,218.6999969482422,205.6186065673828,8950589
2022-01-07,219.8000030517578,220.64999389648438,217.5,218.39999389648438,205.3365478515625,8855041
2022-01-10,219.89999389648438,224.6999969482422,218.89999389648438,223.3000030517578,209.94346618652344,15841299
2022-01-11,223.35000610351562,224.25,221.1999969482422,221.9499969482422,208.67422485351562,8020695
2022-01-12,222.5,223.64999389648438,221.60000610351562,222.75,209.42636108398438,13158894
2022-01-13,223.89999389648438,225.8000030517578,222.75,223.9499969482422,210.55458068847656,11501088
2022-01-14,223.9499969482422,224.8000030517578,222.3000030517578,222.60000610351562,209.28533935546875,10569725
2022-01-17,222.60000610351562,225.60000610351562,221.35000610351562,224.60000610351562,211.1657257080078,12318313
2022-01-18,224.60000610351562,227.3000030517578,220.3000030517578,220.75,207.54600524902344,14394097
2022-01-19,220.75,222.39999389648438,218.6999969482422,220.35000610351562,207.16993713378906,11473796
2022-01-20,220.5500030517578,222.14999389648438,218.0,218.75,205.66561889648438,17329896
2022-01-21,218.5,220.5,216.0,217.0500030517578,204.0673065185547,16586264
2022-01-24,217.0500030517578,217.75,210.89999389648438,211.8000030517578,199.13133239746094,17354942
2022-01-25,212.0,214.6999969482422,209.5500030517578,214.3000030517578,201.4818115234375,18322935
2022-01-27,211.25,215.5,211.10000610351562,214.60000610351562,201.76385498046875,23149684
2022-01-28,215.10000610351562,219.25,215.10000610351562,217.60000610351562,204.58441162109375,15276991
2022-01-31,218.5,220.75,217.10000610351562,220.1999969482422,207.0288848876953,15039006
2022-02-01,221.0,228.8000030517578,219.14999389648438,227.75,214.12730407714844,43207074
2022-02-02,230.0,233.3000030517578,229.0,232.14999389648438,218.26409912109375,41130638
2022-02-03,232.14999389648438,235.1999969482422,231.8000030517578,234.4499969482422,220.42654418945312,27845963
2022-02-04,237.25,238.5,231.5500030517578,234.3000030517578,220.2855224609375,56705951
2022-02-07,234.0,234.75,228.5,230.1999969482422,216.4307403564453,24171083
2022-02-08,230.3000030517578,232.3000030517578,229.0500030517578,231.25,217.41795349121094,16201280
2022-02-09,232.3000030517578,233.0,228.75,230.14999389648438,216.3837432861328,11893807
2022-02-10,228.6999969482422,233.39999389648438,227.75,232.25,218.35813903808594,19563580
2022-02-11,232.0,233.3000030517578,229.8000030517578,232.4499969482422,218.54617309570312,18096561
2022-02-14,226.0,226.0,218.5,219.4499969482422,211.09136962890625,22745228
2022-02-15,221.0,223.5,218.5500030517578,223.0,214.5061492919922,12875311
2022-02-16,223.8000030517578,224.6999969482422,221.85000610351562,222.75,214.2656707763672,11231596
2022-02-17,223.0500030517578,224.35000610351562,220.85000610351562,222.64999389648438,214.16946411132812,14024149
2022-02-18,222.64999389648438,223.4499969482422,221.5,221.89999389648438,213.4480438232422,8670947
2022-02-21,220.3000030517578,221.3000030517578,217.14999389648438,218.0,209.69659423828125,16129017
2022-02-22,215.0,216.89999389648438,213.0,214.85000610351562,206.6665802001953,25749340
2022-02-23,216.8000030517578,217.5,215.0500030517578,215.9499969482422,207.72467041015625,11014283
2022-02-24,210.0,213.3000030517578,207.0,208.5,200.55844116210938,41341523
2022-02-25,211.5,216.5,210.5500030517578,213.9499969482422,205.8008575439453,23633656
2022-02-28,213.1999969482422,216.4499969482422,210.8000030517578,215.85000610351562,207.6284942626953,20034633
2022-03-02,214.39999389648438,216.60000610351562,212.4499969482422,215.3000030517578,207.09942626953125,19295994
2022-03-03,216.0500030517578,220.1999969482422,216.0,219.39999389648438,211.0432586669922,28532668
2022-03-04,217.6999969482422,227.39999389648438,217.0,225.5,216.91091918945312,66835736
2022-03-07,222.0,227.0,220.10000610351562,224.9499969482422,216.38186645507812,45258669
2022-03-08,223.89999389648438,228.4499969482422,223.75,226.89999389648438,218.25759887695312,36036336
2022-03-09,227.6999969482422,231.39999389648438,226.10000610351562,229.25,220.51808166503906,42294906
2022-03-10,231.0,232.5,227.85000610351562,232.0,223.163330078125,36132245
2022-03-11,231.89999389648438,237.10000610351562,230.14999389648438,236.35000610351562,227.34767150878906,41699184
2022-03-14,236.25,239.4499969482422,235.3000030517578,239.0,229.89671325683594,35113638
2022-03-15,239.0,241.39999389648438,235.89999389648438,237.85000610351562,228.79052734375,32998305
2022-03-16,240.0,243.0,239.10000610351562,242.60000610351562,233.35960388183594,21629521
2022-03-17,245.25,245.39999389648438,242.6999969482422,244.89999389648438,235.5719757080078,34223740
2022-03-21,245.89999389648438,247.75,243.8000030517578,244.5,235.18722534179688,27975134
2022-03-22,244.5500030517578,250.75,243.5500030517578,249.75,240.23727416992188,36945426
2022-03-23,251.4499969482422,253.6999969482422,248.5,252.0,242.4015655517578,40491633
2022-03-24,251.9499969482422,256.5,251.4499969482422,254.85000610351562,245.14300537109375,38239419
2022-03-25,255.3000030517578,255.75,249.25,253.35000610351562,243.7001495361328,29284643
2022-03-28,254.0,258.0,252.5500030517578,257.04998779296875,247.2592010498047,24916402
2022-03-29,257.04998779296875,257.5,253.75,254.60000610351562,244.9025421142578,18122714
2022-03-30,255.10000610351562,256.3999938964844,248.64999389648438,249.1999969482422,239.7082061767578,17603827
2022-03-31,249.60000610351562,254.35000610351562,249.5,250.64999389648438,241.1029815673828,25656796
2022-04-01,250.0,255.35000610351562,248.8000030517578,253.3000030517578,243.65203857421875,14305709
2022-04-04,253.10000610351562,257.8999938964844,251.10000610351562,255.4499969482422,245.72015380859375,15907398
2022-04-05,256.04998779296875,261.8500061035156,255.10000610351562,259.45001220703125,249.56781005859375,27183142
2022-04-06,257.5,263.3500061035156,257.29998779296875,259.6000061035156,249.71209716796875,19597941
2022-04-07,258.0,262.20001220703125,255.8000030517578,256.6499938964844,246.87445068359375,16061089
2022-04-08,258.0,268.8500061035156,256.0,267.79998779296875,257.5997314453125,37826800
2022-04-11,268.75,273.1499938964844,266.0,267.5,257.3111572265625,46147653
2022-04-12,266.8999938964844,268.6499938964844,263.1000061035156,264.79998779296875,254.71400451660156,23553762
2022-04-13,265.29998779296875,270.6000061035156,263.6499938964844,269.54998779296875,259.2830810546875,21414383
2022-04-18,268.0,272.5,267.25,270.1000061035156,259.8121643066406,24399444
2022-04-19,272.0,272.5,258.79998779296875,261.54998779296875,251.58779907226562,23380138
2022-04-20,262.8999938964844,265.45001220703125,257.54998779296875,259.54998779296875,249.6639862060547,24510612
2022-04-21,259.70001220703125,264.45001220703125,259.6000061035156,260.3999938964844,250.4816131591797,23412279
2022-04-22,260.0,263.0,258.54998779296875,261.1000061035156,251.15496826171875,15671273
2022-04-25,258.79998779296875,259.0,252.5,255.25,245.5277862548828,24208645
2022-04-26,256.6000061035156,260.70001220703125,256.25,258.95001220703125,249.08685302734375,20536714
2022-04-27,256.20001220703125,258.5,255.75,257.5,247.69207763671875,16580824
2022-04-28,259.5,263.70001220703125,258.1499938964844,261.1000061035156,251.15496826171875,27924384
2022-04-29,263.0,263.0,258.5,259.54998779296875,249.6639862060547,20419904
2022-05-02,258.0,264.5,257.04998779296875,263.1499938964844,253.12686157226562,18965820
2022-05-04,264.0,266.04998779296875,258.6000061035156,259.75,249.8563690185547,25951999
2022-05-05,262.0,265.20001220703125,260.3999938964844,262.04998779296875,252.06874084472656,17932895
2022-05-06,259.0,267.3500061035156,258.8999938964844,266.6499938964844,256.4935607910156,34490123
2022-05-09,266.1499938964844,266.1499938964844,260.54998779296875,262.95001220703125,252.93447875976562,21403710
2022-05-10,262.0,266.79998779296875,259.1000061035156,259.75,249.8563690185547,18033260
2022-05-11,259.0,262.20001220703125,251.75,255.64999389648438,245.91253662109375,17344099
2022-05-12,255.0,256.3999938964844,249.14999389648438,252.89999389648438,243.26727294921875,20044726
2022-05-13,254.9499969482422,260.8500061035156,254.5,258.6000061035156,248.75018310546875,11921627
2022-05-16,259.95001220703125,259.95001220703125,253.0,254.10000610351562,244.4215850830078,8186859
2022-05-17,255.0,265.5,254.8000030517578,264.70001220703125,254.6178436279297,17797974
2022-05-18,266.0,267.79998779296875,263.1499938964844,266.79998779296875,256.6378173828125,20200332
2022-05-19,262.6000061035156,279.25,262.6000061035156,275.6499938964844,265.1507568359375,78287713
2022-05-20,277.0,282.3500061035156,277.0,280.0,269.3350830078125,32370771
2022-05-23,280.0,280.45001220703125,273.04998779296875,274.5,264.0445556640625,21700165
2022-05-24,275.0,275.0,270.0,270.8500061035156,260.5335998535156,15547968
2022-05-25,272.95001220703125,273.8999938964844,270.5,272.70001220703125,262.3131408691406,15288648
2022-05-26,268.25,268.25,263.8500061035156,266.70001220703125,262.5592346191406,18420159
2022-05-27,269.0,270.70001220703125,265.04998779296875,269.20001220703125,265.0204162597656,13468067
2022-05-30,270.5,271.0,267.6000061035156,269.04998779296875,264.87274169921875,11819102
2022-05-31,269.04998779296875,274.5,266.3999938964844,270.6499938964844,266.4479064941406,23208345
2022-06-01,270.6499938964844,274.1000061035156,270.20001220703125,271.8500061035156,267.6292724609375,14699792
2022-06-02,270.70001220703125,274.45001220703125,267.8500061035156,273.5,269.253662109375,14240994
2022-06-03,275.0,275.70001220703125,271.6000061035156,272.70001220703125,268.4660949707031,12487862
2022-06-06,272.3999938964844,275.79998779296875,269.70001220703125,274.79998779296875,270.533447265625,10925182
2022-06-07,273.20001220703125,275.0,272.25,273.8999938964844,269.6474304199219,10828539
2022-06-08,273.95001220703125,274.3999938964844,266.20001220703125,267.8999938964844,263.7406005859375,14361969
2022-06-09,267.79998779296875,271.70001220703125,265.75,270.8500061035156,266.6448059082031,9860194
2022-06-10,269.04998779296875,271.0,268.75,270.1499938964844,265.9556579589844,8371061
2022-06-13,266.3999938964844,269.1000061035156,263.0,264.6499938964844,260.5410461425781,11092690
2022-06-14,263.20001220703125,267.45001220703125,263.04998779296875,265.45001220703125,261.3286437988281,7422193
2022-06-15,266.0,267.29998779296875,263.04998779296875,263.3999938964844,259.3104553222656,5059474
2022-06-16,267.0,267.8999938964844,259.5,260.70001220703125,256.65240478515625,14293357
2022-06-17,259.0,264.1499938964844,258.54998779296875,263.29998779296875,259.2120056152344,16654660
2022-06-20,263.29998779296875,266.1499938964844,261.3500061035156,264.1000061035156,259.9996032714844,17081136
2022-06-21,265.0,270.8500061035156,264.1000061035156,269.8999938964844,265.70953369140625,13883034
2022-06-22,267.0,270.29998779296875,264.8999938964844,265.29998779296875,261.18096923828125,11320918
2022-06-23,265.5,267.25,262.3999938964844,265.5,261.37786865234375,9067252
2022-06-24,266.1000061035156,268.3500061035156,265.20001220703125,265.8500061035156,261.7224426269531,7013132
2022-06-27,267.0,270.6499938964844,266.5,269.95001220703125,265.7587890625,8172964
2022-06-28,268.8999938964844,272.25,268.54998779296875,271.8500061035156,267.6292724609375,11240154
2022-06-29,269.25,275.0,269.1499938964844,274.04998779296875,269.79510498046875,16018449
2022-06-30,273.95001220703125,274.70001220703125,272.0,273.5,269.253662109375,19262054
2022-07-01,273.5,285.0,271.20001220703125,284.3500061035156,279.9352111816406,35165665
2022-07-04,285.6499938964844,293.29998779296875,284.79998779296875,291.8999938964844,287.36798095703125,39881736
2022-07-05,293.0,293.0,285.75,286.8999938964844,282.44561767578125,18568655
2022-07-06,286.1000061035156,290.0,285.29998779296875,289.29998779296875,284.808349609375,18292925
2022-07-07,291.0,293.1499938964844,288.5,291.95001220703125,287.4172058105469,13794991
2022-07-08,292.8999938964844,294.45001220703125,290.3999938964844,293.04998779296875,288.5001220703125,11110418
2022-07-11,293.0,296.95001220703125,292.04998779296875,295.0,290.41986083984375,12352667
2022-07-12,293.0,295.3500061035156,290.8999938964844,292.70001220703125,288.15557861328125,14074628
2022-07-13,293.0,294.79998779296875,292.70001220703125,294.04998779296875,289.4845886230469,9277570
2022-07-14,294.29998779296875,296.3500061035156,289.1499938964844,290.8500061035156,286.33428955078125,13414357
2022-07-15,292.0,294.0,289.5,293.54998779296875,288.9923400878906,11025420
2022-07-18,295.0,296.29998779296875,293.75,295.29998779296875,290.7151794433594,11315876
2022-07-19,295.0,295.6000061035156,292.70001220703125,294.6000061035156,290.02606201171875,9188419
2022-07-20,294.8999938964844,299.5,293.6000061035156,298.20001220703125,293.5701904296875,15789281
2022-07-21,299.0,302.20001220703125,298.0,299.54998779296875,294.8992004394531,16042840
2022-07-22,300.0,302.5,298.1000061035156,300.54998779296875,295.8836669921875,9967545
2022-07-25,299.0,302.95001220703125,298.79998779296875,301.1000061035156,296.4251403808594,10640727
2022-07-26,301.0,303.75,300.45001220703125,302.45001220703125,297.7541809082031,9739177
2022-07-27,302.8500061035156,305.0,300.6000061035156,304.1499938964844,299.42779541015625,9346146
2022-07-28,304.8999938964844,305.20001220703125,302.3999938964844,303.45001220703125,298.7386779785156,10839070
2022-07-29,305.0,305.8999938964844,301.3500061035156,303.04998779296875,298.3448486328125,16932743
2022-08-01,304.0,308.79998779296875,303.1000061035156,307.5,302.72576904296875,15889556
2022-08-02,310.0,316.6499938964844,308.20001220703125,309.95001220703125,305.13775634765625,38982557
2022-08-03,310.8999938964844,310.8999938964844,303.6499938964844,308.1499938964844,303.36566162109375,17695228
2022-08-04,308.0,310.3500061035156,307.1499938964844,309.5,304.6947326660156,15901918
2022-08-05,309.5,311.79998779296875,309.1000061035156,310.8500061035156,306.0237731933594,10088723
2022-08-08,310.95001220703125,313.95001220703125,310.04998779296875,313.1499938964844,308.2880554199219,8307140
2022-08-10,313.1499938964844,314.1000061035156,310.75,311.20001220703125,306.36834716796875,8923568
2022-08-11,313.0,313.45001220703125,305.29998779296875,306.25,301.49517822265625,10885990
2022-08-12,306.25,309.3999938964844,304.5,308.54998779296875,303.75946044921875,6422504
2022-08-16,308.54998779296875,311.5,308.54998779296875,310.54998779296875,305.7283935546875,8609864
2022-08-17,311.70001220703125,313.25,311.0,312.54998779296875,307.6973571777344,7975854
2022-08-18,313.0,316.0,312.6000061035156,315.6499938964844,310.7492370605469,9883851
2022-08-19,316.1499938964844,316.1499938964844,311.20001220703125,312.0,307.1559143066406,10422413
2022-08-22,311.20001220703125,317.0,311.0,314.3999938964844,309.5186462402344,11355837
2022-08-23,312.95001220703125,316.0,312.1000061035156,315.8999938964844,310.995361328125,9338887
2022-08-24,315.75,319.45001220703125,313.04998779296875,314.1000061035156,309.2232971191406,11346892
2022-08-25,315.45001220703125,316.3999938964844,311.6000061035156,312.3500061035156,307.50048828125,7759104
2022-08-26,314.75,315.3999938964844,312.0,312.8999938964844,308.04193115234375,6956588
2022-08-29,310.0,314.95001220703125,308.8500061035156,313.54998779296875,308.68182373046875,11361400
2022-08-30,314.25,321.3999938964844,314.25,320.5,315.52392578125,17829428
2022-09-01,319.5,321.8999938964844,316.0,317.6000061035156,312.6689758300781,13254985
2022-09-02,318.70001220703125,324.25,318.04998779296875,323.1499938964844,318.1327819824219,25758860
2022-09-05,325.0,329.6000061035156,323.75,328.8500061035156,323.7442932128906,17471906
2022-09-06,330.0,330.0,326.3999938964844,327.1499938964844,322.0706787109375,11970750
2022-09-07,326.0,328.29998779296875,325.25,326.1000061035156,321.0369873046875,8085824
2022-09-08,329.0,330.6000061035156,327.5,329.8999938964844,324.7779846191406,10911130
2022-09-09,330.6000061035156,333.29998779296875,330.0,330.5,325.3686828613281,9408098
2022-09-12,332.0,332.3999938964844,330.0,330.8999938964844,325.762451171875,8712689
2022-09-13,331.70001220703125,335.0,330.6000061035156,334.3999938964844,329.2081298828125,10520207
2022-09-14,331.0,339.0,330.95001220703125,335.3500061035156,330.14337158203125,12267025
2022-09-15,336.3999938964844,337.04998779296875,332.8999938964844,334.1000061035156,328.91278076171875,8418672
2022-09-16,332.3500061035156,334.6000061035156,329.70001220703125,331.29998779296875,326.15625,12492851
2022-09-19,329.1000061035156,336.8999938964844,329.1000061035156,335.6000061035156,330.3894958496094,14365461
2022-09-20,338.75,339.6000061035156,335.0,336.0,330.7832946777344,9526068
2022-09-21,336.0,345.20001220703125,335.5,340.95001220703125,335.65643310546875,20992080
2022-09-22,341.0,348.75,340.8999938964844,345.04998779296875,339.6927490234375,24179987
2022-09-23,347.5,349.54998779296875,343.29998779296875,346.3999938964844,341.0218200683594,22838807
2022-09-26,344.8500061035156,345.95001220703125,331.75,332.6000061035156,327.4360656738281,16205789
2022-09-27,335.0,339.54998779296875,334.0,334.8500061035156,329.6511535644531,9991052
2022-09-28,331.95001220703125,333.29998779296875,324.29998779296875,324.95001220703125,319.90484619140625,15552911
2022-09-29,329.0,334.8999938964844,327.75,333.04998779296875,327.87908935546875,18281337
2022-09-30,333.04998779296875,335.75,330.1499938964844,332.20001220703125,327.04229736328125,12427919
2022-10-03,332.8999938964844,333.0,323.25,324.3999938964844,319.3633728027344,9111289
2022-10-04,328.70001220703125,334.0,328.0,332.8500061035156,327.68218994140625,8803255
2022-10-06,335.0,339.29998779296875,332.54998779296875,336.6499938964844,331.4231872558594,22235092
2022-10-07,336.79998779296875,336.8500061035156,331.29998779296875,334.1000061035156,328.91278076171875,10506078
2022-10-10,330.0,331.45001220703125,326.04998779296875,327.8500061035156,322.75982666015625,9388996
2022-10-11,329.0,330.45001220703125,325.1000061035156,326.29998779296875,321.23388671875,10609956
2022-10-12,327.95001220703125,331.45001220703125,324.75,330.1000061035156,324.9748840332031,10337544
2022-10-13,329.95001220703125,331.29998779296875,328.0,328.6499938964844,323.5473937988281,7266724
2022-10-14,332.29998779296875,333.8999938964844,330.8500061035156,332.1000061035156,326.94384765625,6424915
2022-10-17,331.1000061035156,334.75,329.6000061035156,332.25,327.0915222167969,6929063
2022-10-18,333.95001220703125,341.0,333.54998779296875,340.29998779296875,335.0165100097656,20887417
2022-10-19,343.1000061035156,347.45001220703125,339.79998779296875,346.3500061035156,340.97259521484375,16296080
2022-10-20,347.0,350.95001220703125,344.79998779296875,349.70001220703125,344.2705993652344,18474706
2022-10-21,353.20001220703125,353.20001220703125,344.5,345.6000061035156,340.2342529296875,27372160
2022-10-24,348.95001220703125,349.70001220703125,347.0,347.70001220703125,342.3016357421875,3170564
2022-10-25,349.45001220703125,349.5,343.6499938964844,346.29998779296875,340.9233703613281,17242211
2022-10-27,346.6499938964844,348.3500061035156,343.8500061035156,345.79998779296875,340.4311218261719,18558597
2022-10-28,347.54998779296875,348.6000061035156,345.1000061035156,345.79998779296875,340.4311218261719,13069167
2022-10-31,348.0,350.5,344.75,348.70001220703125,343.2861328125,13825970
2022-11-01,349.25,350.5,347.20001220703125,349.5,344.0736999511719,19665200
2022-11-02,348.5,356.25,348.5,354.6499938964844,349.1437072753906,16781507
2022-11-03,354.0,358.5,353.0,353.70001220703125,348.20849609375,10736155
2022-11-04,354.0,356.0,352.5,353.6000061035156,348.11004638671875,8386849
2022-11-07,355.0,356.3500061035156,350.0,353.5,348.0115661621094,10050303
2022-11-09,353.5,361.45001220703125,353.20001220703125,360.70001220703125,355.09979248046875,20611075
2022-11-10,359.0,359.8999938964844,354.1000061035156,356.0,350.4727783203125,19327625
2022-11-11,360.0,360.95001220703125,354.6499938964844,356.3500061035156,350.8173522949219,10950902
2022-11-14,356.3500061035156,356.95001220703125,346.6000061035156,347.20001220703125,341.8094177246094,17639889
2022-11-15,348.95001220703125,348.95001220703125,339.1499938964844,345.25,339.8896789550781,15451411
2022-11-16,345.70001220703125,346.8500061035156,341.6499938964844,344.1000061035156,338.7575378417969,7604924
2022-11-17,344.1000061035156,347.45001220703125,342.6000061035156,343.70001220703125,338.3637390136719,9994270
2022-11-18,343.70001220703125,344.75,339.79998779296875,341.04998779296875,335.7548522949219,7838297
2022-11-21,339.1000061035156,340.0,334.3999938964844,337.20001220703125,331.96466064453125,9198816
2022-11-22,337.0,341.0,335.70001220703125,340.25,334.96728515625,6495845
2022-11-23,342.0,342.0,337.5,339.79998779296875,334.5242614746094,7768291
2022-11-24,339.79998779296875,342.5,337.54998779296875,340.75,335.45953369140625,8140857
2022-11-25,341.0,341.8999938964844,337.79998779296875,340.29998779296875,335.0165100097656,6933254
2022-11-28,340.0,341.75,338.75,340.04998779296875,334.7703857421875,9902739
2022-11-29,340.0,345.0,340.0,342.29998779296875,336.9854736328125,10189855
2022-11-30,341.25,344.1499938964844,339.0,340.0,334.72119140625,22556502
2022-12-01,341.70001220703125,341.70001220703125,336.79998779296875,339.54998779296875,334.2781677246094,16630417
2022-12-02,339.3500061035156,340.79998779296875,336.75,337.1499938964844,331.9154357910156,8388835
2022-12-05,337.6499938964844,338.8500061035156,334.1499938964844,336.75,331.5216369628906,9716390
2022-12-06,334.1000061035156,338.20001220703125,334.1000061035156,337.29998779296875,332.0630798339844,6327430
2022-12-07,338.5,341.5,336.6499938964844,340.1000061035156,334.81964111328125,9813208
2022-12-08,340.20001220703125,342.1499938964844,337.5,338.3999938964844,333.1460266113281,6200447
2022-12-09,339.75,342.5,338.0,341.3999938964844,336.09942626953125,8132228
2022-12-12,341.0,344.0,340.1000061035156,343.20001220703125,337.87152099609375,11214662
2022-12-13,344.5,346.0,342.3999938964844,345.6000061035156,340.2342529296875,10693426
2022-12-14,346.0,347.3500061035156,343.75,345.3999938964844,340.0373229980469,7379878
2022-12-15,344.75,346.1000061035156,338.0,338.8500061035156,333.58905029296875,8154931
2022-12-16,337.5,338.8999938964844,331.29998779296875,335.1000061035156,329.89727783203125,12429280
2022-12-19,336.79998779296875,342.3500061035156,335.3500061035156,340.5,335.2134094238281,7812801
2022-12-20,340.04998779296875,340.95001220703125,336.75,340.1499938964844,334.86883544921875,5482218
2022-12-21,341.0,341.25,334.5,335.1499938964844,329.94647216796875,7045201
2022-12-22,335.6499938964844,337.3999938964844,329.8999938964844,332.45001220703125,327.2884216308594,6584445
2022-12-23,330.8999938964844,331.8999938964844,325.3500061035156,326.70001220703125,321.627685546875,10073884
2022-12-26,326.5,335.1000061035156,325.5,334.6000061035156,329.405029296875,9566210
2022-12-27,335.6000061035156,336.3999938964844,330.1499938964844,333.1499938964844,327.9775390625,6727343
2022-12-28,332.8500061035156,335.0,331.5,334.3999938964844,329.2081298828125,7737562
2022-12-29,334.3500061035156,335.75,331.54998779296875,335.3500061035156,330.14337158203125,8105359
2022-12-30,335.3999938964844,336.75,330.5,331.54998779296875,326.4023742675781,6960264
2023-01-02,330.8999938964844,334.0,329.6499938964844,332.8500061035156,327.68218994140625,5951893
2023-01-03,331.5,333.3500061035156,330.25,331.1000061035156,325.9593811035156,5997051
2023-01-04,331.8500061035156,332.5,326.0,327.0,321.9230041503906,6689769
2023-01-05,328.6499938964844,333.8999938964844,328.20001220703125,333.45001220703125,328.27288818359375,8171437
2023-01-06,334.70001220703125,337.54998779296875,333.1000061035156,335.04998779296875,329.8480224609375,8284135
2023-01-09,336.95001220703125,341.29998779296875,336.1499938964844,338.04998779296875,332.80145263671875,10618786
2023-01-10,337.8999938964844,338.3999938964844,332.54998779296875,333.3999938964844,328.2236328125,6949605
2023-01-11,335.1000061035156,335.1000061035156,331.29998779296875,331.79998779296875,326.6484680175781,4584293
2023-01-12,333.3999938964844,333.6000061035156,328.1000061035156,329.8500061035156,324.7287902832031,6638422
2023-01-13,329.8500061035156,332.25,326.3999938964844,328.75,323.6458435058594,14412671
2023-01-16,330.3500061035156,332.20001220703125,327.54998779296875,330.20001220703125,325.0733337402344,8253942
2023-01-17,330.20001220703125,333.5,329.1000061035156,332.25,327.0915222167969,13712537
2023-01-18,334.0,336.54998779296875,332.3999938964844,334.6499938964844,329.4542541503906,12555527
2023-01-19,334.0,335.6499938964844,331.6499938964844,332.1499938964844,326.9930419921875,8346130
2023-01-20,332.0,335.20001220703125,329.25,334.6000061035156,329.405029296875,13103664
2023-01-23,336.0,338.1499938964844,333.04998779296875,337.75,332.506103515625,7124807
2023-01-24,337.79998779296875,340.75,337.6000061035156,338.95001220703125,333.6875,12302874
2023-01-25,338.8999938964844,341.0,335.25,339.25,333.9828186035156,12497542
2023-01-27,341.79998779296875,348.8500061035156,341.5,346.0,340.6280212402344,21040139
2023-01-30,346.8999938964844,351.75,341.8500061035156,344.79998779296875,339.4466552734375,14091519
2023-01-31,346.0,355.0,341.04998779296875,352.3500061035156,346.87945556640625,17134291
2023-02-01,353.0,365.70001220703125,329.1000061035156,361.3999938964844,355.7889099121094,64518967
2023-02-02,361.6000061035156,384.70001220703125,360.3999938964844,378.6000061035156,372.7218933105469,55745171
2023-02-03,381.8999938964844,382.25,372.0,380.6499938964844,374.74005126953125,22295321
2023-02-06,382.5,388.20001220703125,379.6000061035156,383.3999938964844,377.4473571777344,25790153
2023-02-07,383.8999938964844,383.8999938964844,368.45001220703125,373.25,367.4549560546875,20643707
2023-02-08,374.75,377.29998779296875,371.54998779296875,375.54998779296875,369.7192077636719,10420462
2023-02-09,374.0,380.0,372.1499938964844,374.25,368.4394226074219,11861196
2023-02-10,372.20001220703125,376.95001220703125,370.29998779296875,371.3500061035156,365.5844421386719,10278597
2023-02-13,373.0,375.1499938964844,370.0,374.20001220703125,368.39019775390625,9901148
2023-02-14,375.0,387.6499938964844,373.75,386.45001220703125,380.45001220703125,29125052
2023-02-15,381.75,382.8500061035156,378.54998779296875,382.20001220703125,382.20001220703125,12209350
2023-02-16,382.0,385.25,381.0,382.54998779296875,382.54998779296875,9775280
2023-02-17,381.04998779296875,384.54998779296875,379.25,383.3999938964844,383.3999938964844,7672135
2023-02-20,384.70001220703125,387.5,381.29998779296875,384.04998779296875,384.04998779296875,7804976
2023-02-21,385.0,385.8999938964844,381.70001220703125,382.25,382.25,8259574
2023-02-22,382.0,384.8999938964844,380.0,383.8500061035156,383.8500061035156,8961077
2023-02-23,384.45001220703125,394.0,383.1000061035156,387.6000061035156,387.6000061035156,18830592
2023-02-24,389.0,389.0,381.0,385.1000061035156,385.1000061035156,12910220
